1.5708,-0, 1.5708, 0,0,0, 0.5, 0.5, 0.5, 0.5, 0.5, 0.5
1.5708,-0, 1.5708, 0,0,0, 0.5, 0.5, 0.5, 0.5, 0.5, 0.5
1.57474,0.00307437, 1.57333, -0.0462782,0.00697122,-0.00314537, 0.489975, 0.499618, 0.495499, 0.486164, 0.499681, 0.497138
1.57478,0.0037522, 1.59678, -0.0390505,0.00681937,-0.0061876, 0.456946, 0.485468, 0.481892, 0.482961, 0.499612, 0.496384
1.57592,0.0102624, 1.61652, -0.0198782,0.00660753,-0.00751846, 0.417005, 0.477586, 0.47831, 0.47216, 0.499519, 0.496285
1.57654,0.0142415, 1.6241, -0.0136943,0.00688394,-0.00732371, 0.376344, 0.471003, 0.477398, 0.453594, 0.499424, 0.496234
1.57699,0.0189845, 1.63157, -0.00982386,0.00697112,-0.00708286, 0.355128, 0.464363, 0.476972, 0.443779, 0.499338, 0.49618
1.57716,0.0218305, 1.64061, 0.000136145,0.00636984,-0.00654697, 0.335794, 0.457868, 0.476911, 0.43218, 0.499279, 0.495986
1.57729,0.0239083, 1.64627, 0.00469008,0.00618229,-0.00522207, 0.314934, 0.451206, 0.476597, 0.415094, 0.499267, 0.495443
1.57724,0.0244647, 1.65012, 0.00262472,0.00608888,-0.00393047, 0.301673, 0.443758, 0.476234, 0.403918, 0.499248, 0.494927
1.57784,0.0240727, 1.65561, 0.00400509,0.00616114,-0.00268585, 0.292182, 0.435455, 0.47555, 0.396095, 0.49919, 0.494332
1.57784,0.0239011, 1.65953, 0.00300477,0.00603091,-0.00164947, 0.282932, 0.426203, 0.473056, 0.387731, 0.498315, 0.492801
1.57143,0.0256857, 1.65962, -0.00304473,0.000804126,-0.000928949, 0.277569, 0.415656, 0.469035, 0.384175, 0.496046, 0.490646
1.56515,0.0271367, 1.65866, -0.00298451,-0.00502604,0.000742634, 0.274553, 0.40348, 0.462965, 0.383342, 0.491652, 0.487835
1.55873,0.0287744, 1.65759, -0.000630064,-0.0110704,0.00179376, 0.271142, 0.391989, 0.456434, 0.380941, 0.486797, 0.485183
1.54936,0.0306121, 1.65322, 0.00822157,-0.0206554,0.00432435, 0.265942, 0.381345, 0.449987, 0.374387, 0.482023, 0.482831
1.54575,0.0299266, 1.65216, 0.014886,-0.0261047,0.00657134, 0.257702, 0.371815, 0.443236, 0.362433, 0.477405, 0.48039
1.54693,0.0269309, 1.65215, 0.01789,-0.0280166,0.00967254, 0.248777, 0.363415, 0.434609, 0.351787, 0.472177, 0.47701
1.55266,0.0230498, 1.65312, 0.0180661,-0.0261582,0.0120133, 0.240762, 0.355069, 0.421911, 0.345089, 0.465505, 0.471353
1.55743,0.0205719, 1.65342, 0.0193116,-0.0246672,0.0141146, 0.234438, 0.346951, 0.406922, 0.340619, 0.458428, 0.464129
1.55929,0.0197389, 1.65462, 0.019093,-0.0243975,0.0133944, 0.229653, 0.339765, 0.392734, 0.336972, 0.452078, 0.456875
1.55795,0.0206186, 1.65654, 0.0174822,-0.0256448,0.0108883, 0.226192, 0.334871, 0.383401, 0.334871, 0.447705, 0.452563
1.55569,0.0225173, 1.65665, 0.0162453,-0.0268831,0.00972055, 0.222809, 0.331819, 0.379911, 0.333949, 0.445427, 0.451647
1.55427,0.0261021, 1.6536, 0.015895,-0.026301,0.0105462, 0.218802, 0.327358, 0.379562, 0.333396, 0.443801, 0.449912
1.55868,0.031792, 1.64716, 0.0185885,-0.0198531,0.0119984, 0.21377, 0.317883, 0.378203, 0.332377, 0.440397, 0.441703
1.56985,0.0369094, 1.6412, 0.0244062,-0.00809593,0.0116433, 0.208646, 0.304183, 0.371489, 0.330074, 0.433424, 0.426102
1.57876,0.0390089, 1.63939, 0.0275193,0.000761417,0.00873275, 0.205662, 0.290647, 0.360719, 0.328713, 0.424625, 0.409829
1.58886,0.0411306, 1.63802, 0.0283737,0.0107556,0.00587813, 0.204218, 0.27976, 0.349868, 0.328516, 0.416302, 0.397301
1.59461,0.0419647, 1.63888, 0.0272211,0.0171724,0.00271016, 0.203446, 0.272591, 0.341641, 0.328079, 0.410816, 0.390417
1.59809,0.0426094, 1.6398, 0.0243405,0.0217178,0.00106375, 0.202814, 0.268085, 0.336616, 0.325953, 0.407624, 0.38783
1.60139,0.0433667, 1.64038, 0.019225,0.0258405,0.000743624, 0.201889, 0.265214, 0.333222, 0.322248, 0.405822, 0.387271
1.60258,0.0434836, 1.64108, 0.0139385,0.0281097,0.00145396, 0.199988, 0.263217, 0.33077, 0.317213, 0.4049, 0.387047
1.60197,0.0430463, 1.64184, 0.00755578,0.0287841,0.00335659, 0.196414, 0.261184, 0.328639, 0.311079, 0.404183, 0.385331
1.59948,0.0423997, 1.64258, 0.00100406,0.0275496,0.0061451, 0.19033, 0.258174, 0.326138, 0.305038, 0.403038, 0.380523
1.59512,0.0424436, 1.64373, -0.00500025,0.023849,0.00826625, 0.181995, 0.253709, 0.322503, 0.300507, 0.400718, 0.37254
1.58974,0.0418367, 1.64418, -0.00849764,0.0181941,0.0097519, 0.172494, 0.248071, 0.317885, 0.298552, 0.396709, 0.363354
1.58557,0.0415568, 1.6439, -0.008457,0.0132535,0.00833301, 0.163437, 0.241986, 0.313191, 0.297831, 0.391615, 0.355043
1.58395,0.0408594, 1.64171, -0.00750502,0.0104554,0.00509076, 0.156173, 0.236084, 0.309515, 0.296482, 0.386727, 0.348065
1.58348,0.0399614, 1.63845, -0.00659103,0.00874414,0.000507055, 0.150637, 0.230349, 0.306953, 0.29385, 0.382799, 0.34162
1.5851,0.0399206, 1.63431, -0.00806275,0.0102777,-0.005741, 0.146912, 0.224754, 0.304654, 0.290839, 0.379557, 0.334958
1.58713,0.0401356, 1.63081, -0.00872312,0.0117288,-0.0123432, 0.144921, 0.219652, 0.301732, 0.288601, 0.376087, 0.3277
1.58938,0.040119, 1.62762, -0.00877118,0.0132879,-0.0181107, 0.14355, 0.215049, 0.297671, 0.286666, 0.37189, 0.319576
1.59279,0.0398723, 1.62522, -0.00731947,0.0148093,-0.0237789, 0.14205, 0.210962, 0.292412, 0.284848, 0.367029, 0.310265
1.59571,0.0387858, 1.62354, -0.0048017,0.0144255,-0.0292451, 0.139966, 0.207287, 0.286525, 0.2825, 0.361987, 0.300338
1.59656,0.0378402, 1.62142, -0.0032029,0.0139821,-0.0335541, 0.137745, 0.20365, 0.280557, 0.280117, 0.356997, 0.290859
1.59689,0.0373736, 1.61893, -0.00278618,0.0139857,-0.0361873, 0.135886, 0.199828, 0.274124, 0.278442, 0.35136, 0.282175
1.59873,0.0372684, 1.61676, -0.00232352,0.0157569,-0.0376532, 0.134126, 0.196049, 0.266924, 0.27758, 0.344603, 0.273793
1.60151,0.0372905, 1.61529, 0.00117287,0.0192081,-0.0369504, 0.131835, 0.192771, 0.259196, 0.276564, 0.337087, 0.265467
1.60564,0.0370857, 1.61388, 0.00940582,0.0227532,-0.0346857, 0.128865, 0.189954, 0.251123, 0.273761, 0.329427, 0.257539
1.61089,0.0359177, 1.61232, 0.0213047,0.0251756,-0.0333956, 0.12521, 0.187534, 0.242605, 0.267397, 0.322216, 0.25065
1.61575,0.034977, 1.6105, 0.0320506,0.0255965,-0.0327734, 0.121463, 0.185362, 0.233554, 0.258974, 0.315339, 0.24544
1.62117,0.0337663, 1.60851, 0.04447,0.0254771,-0.0321397, 0.117462, 0.183414, 0.224692, 0.249188, 0.308638, 0.241436
1.62536,0.0318331, 1.60693, 0.0549178,0.0254615,-0.0325407, 0.112901, 0.181627, 0.216146, 0.237564, 0.302274, 0.238351
1.62715,0.0300985, 1.60569, 0.0617917,0.0264097,-0.0333768, 0.10799, 0.180009, 0.208517, 0.226196, 0.296165, 0.235803
1.62805,0.0277245, 1.60446, 0.0686699,0.0282664,-0.0343507, 0.102412, 0.17864, 0.20231, 0.215138, 0.290514, 0.233405
1.6268,0.0270207, 1.60375, 0.0708479,0.0306999,-0.0352068, 0.096362, 0.177314, 0.197046, 0.204662, 0.285159, 0.231065
1.62471,0.0270151, 1.60307, 0.0709935,0.0334051,-0.036389, 0.0902848, 0.175894, 0.192568, 0.19585, 0.279818, 0.228563
1.6227,0.0262447, 1.60209, 0.0723991,0.0364654,-0.0375731, 0.0841072, 0.174184, 0.188523, 0.187704, 0.274376, 0.225726
1.62079,0.0262588, 1.60131, 0.0721764,0.0389473,-0.0388539, 0.078073, 0.17211, 0.184639, 0.1797, 0.268906, 0.222619
1.61928,0.0277267, 1.60094, 0.0690229,0.0403055,-0.0406484, 0.0727933, 0.169743, 0.180638, 0.172594, 0.263216, 0.219366
1.61793,0.0284529, 1.59977, 0.0664873,0.0415859,-0.0431899, 0.0684847, 0.167104, 0.176245, 0.166542, 0.256997, 0.215873
1.61719,0.0295293, 1.59848, 0.0636663,0.0421699,-0.0462018, 0.0651408, 0.1643, 0.171533, 0.161291, 0.250493, 0.212227
1.61666,0.0305404, 1.59621, 0.060876,0.0425582,-0.0505366, 0.0628637, 0.161499, 0.166459, 0.157142, 0.243762, 0.208548
1.61532,0.0311094, 1.59372, 0.0596543,0.0442722,-0.0545962, 0.061482, 0.158622, 0.161171, 0.153989, 0.237071, 0.204756
1.6141,0.0317049, 1.5914, 0.059381,0.0461758,-0.0584884, 0.0607413, 0.155719, 0.155975, 0.15151, 0.230752, 0.201041
1.6119,0.0319492, 1.58933, 0.0598993,0.0493127,-0.0614385, 0.0604031, 0.152828, 0.151027, 0.149462, 0.224876, 0.19752
1.60907,0.0320221, 1.58767, 0.0607193,0.0531826,-0.0633575, 0.06025, 0.149885, 0.146464, 0.14775, 0.21945, 0.19426
1.60661,0.032118, 1.58618, 0.0615846,0.056655,-0.0651653, 0.0601709, 0.146896, 0.142282, 0.146347, 0.214385, 0.191257
1.60427,0.032157, 1.58512, 0.0625134,0.0599745,-0.0664008, 0.0601226, 0.143901, 0.138426, 0.145264, 0.2096, 0.188444
1.60233,0.032154, 1.58446, 0.063538,0.062968,-0.0673911, 0.060081, 0.140918, 0.134834, 0.144405, 0.20503, 0.185784
1.60068,0.032115, 1.58401, 0.0645965,0.0657746,-0.0682808, 0.0600334, 0.138023, 0.131458, 0.1437, 0.200634, 0.183278
1.59912,0.032012, 1.58366, 0.0657711,0.0686914,-0.0691798, 0.0599607, 0.135284, 0.128208, 0.14305, 0.196314, 0.180937
1.59754,0.0318854, 1.58333, 0.0669285,0.0715276,-0.0699419, 0.0598553, 0.132705, 0.125048, 0.142401, 0.192023, 0.178748
1.59615,0.0315448, 1.58353, 0.0684567,0.0745991,-0.0704908, 0.059703, 0.13033, 0.121923, 0.141668, 0.187686, 0.176733
1.59466,0.0311917, 1.58379, 0.0701128,0.0777476,-0.0708184, 0.0594656, 0.12826, 0.118765, 0.140704, 0.183176, 0.174965
1.59312,0.0310502, 1.58405, 0.0709094,0.0801962,-0.0707096, 0.0591709, 0.126366, 0.115614, 0.139577, 0.178556, 0.173346
1.5916,0.0309825, 1.58438, 0.0712696,0.0823534,-0.0704039, 0.058891, 0.124476, 0.112548, 0.138485, 0.174006, 0.171732
1.59019,0.0308122, 1.58489, 0.0717401,0.0845234,-0.0700457, 0.0586244, 0.122561, 0.109573, 0.137421, 0.169545, 0.170098
1.58883,0.0307222, 1.58535, 0.0717599,0.0862979,-0.0696707, 0.0583799, 0.120688, 0.106705, 0.136451, 0.165198, 0.168477
1.58756,0.0306603, 1.58565, 0.0718068,0.087916,-0.0694647, 0.0581794, 0.118812, 0.103968, 0.135648, 0.161032, 0.166814
1.58637,0.0307416, 1.58542, 0.0717554,0.0891633,-0.0697386, 0.0580041, 0.116923, 0.101351, 0.134938, 0.15702, 0.165091
1.58523,0.0308333, 1.58506, 0.0716884,0.0902923,-0.0701879, 0.0578599, 0.114965, 0.0988698, 0.134331, 0.153195, 0.163247
1.58411,0.0309017, 1.58466, 0.0717101,0.0914244,-0.0707565, 0.0577296, 0.11294, 0.0965239, 0.13377, 0.149539, 0.161284
1.58309,0.0310549, 1.58394, 0.0714733,0.0921288,-0.0717438, 0.0576092, 0.110862, 0.0943188, 0.133255, 0.146052, 0.159206
1.58221,0.0311943, 1.58294, 0.0711349,0.0924071,-0.0732713, 0.05752, 0.108694, 0.0922882, 0.132856, 0.142809, 0.156934
1.5815,0.0313269, 1.58132, 0.0712422,0.0923064,-0.0756363, 0.0574655, 0.106387, 0.0904552, 0.132549, 0.139867, 0.15437
1.58082,0.0314037, 1.57937, 0.0719394,0.0922984,-0.0784199, 0.0574201, 0.103974, 0.0888093, 0.132192, 0.137207, 0.151553
1.58039,0.0314753, 1.57693, 0.0730946,0.0918937,-0.0818412, 0.0573657, 0.101487, 0.0873254, 0.131679, 0.134787, 0.14853
1.58001,0.0314946, 1.57499, 0.074262,0.0917879,-0.084602, 0.0572895, 0.0989738, 0.0859757, 0.130937, 0.132574, 0.145372
1.57974,0.0315231, 1.57334, 0.0752071,0.0916552,-0.0869479, 0.0572006, 0.0965535, 0.0847209, 0.130137, 0.130486, 0.142277
1.57953,0.031672, 1.57114, 0.0766192,0.0912784,-0.0899794, 0.0570864, 0.094198, 0.0835364, 0.129228, 0.128514, 0.139215
1.57933,0.0317289, 1.56957, 0.077819,0.0911935,-0.0921378, 0.0569114, 0.0918797, 0.0823855, 0.12799, 0.126642, 0.136136
1.57924,0.0315766, 1.56922, 0.0779203,0.091318,-0.0927385, 0.0567061, 0.0897668, 0.0812612, 0.126854, 0.124818, 0.133305
1.5791,0.0319733, 1.56756, 0.0789545,0.0909643,-0.0950041, 0.0564727, 0.0878456, 0.0801484, 0.125833, 0.123045, 0.130694
1.57909,0.032194, 1.56622, 0.0803328,0.0907023,-0.0968171, 0.0561187, 0.0860023, 0.0789504, 0.124166, 0.121244, 0.12806
1.57967,0.0311877, 1.5675, 0.0786411,0.0903305,-0.0953812, 0.0557434, 0.0844481, 0.0777591, 0.122725, 0.119461, 0.125797
1.57973,0.0310684, 1.56744, 0.0788356,0.0902743,-0.0954648, 0.0553607, 0.0832215, 0.0766376, 0.121924, 0.117762, 0.124044
1.57951,0.0313387, 1.56717, 0.0791857,0.0904589,-0.0957169, 0.0549254, 0.0821399, 0.0754419, 0.120943, 0.115993, 0.122443
1.58044,0.0300829, 1.56845, 0.0785492,0.0895858,-0.0944582, 0.0544688, 0.081209, 0.0742745, 0.120045, 0.114263, 0.121062
1.58097,0.0287757, 1.56994, 0.0792792,0.0895014,-0.0929066, 0.0539267, 0.0804369, 0.073295, 0.11938, 0.112749, 0.119945
1.581,0.028325, 1.57057, 0.0794473,0.0896189,-0.0922999, 0.0532818, 0.0797237, 0.0724446, 0.118638, 0.111361, 0.118905
1.58114,0.0275282, 1.57155, 0.0800788,0.0897712,-0.0913595, 0.0526347, 0.079014, 0.0716681, 0.117919, 0.110055, 0.117863
1.58128,0.0261715, 1.57298, 0.0818525,0.0902313,-0.0900991, 0.0519, 0.078274, 0.0710365, 0.116954, 0.10889, 0.11675
1.58119,0.025293, 1.57372, 0.0830137,0.0906912,-0.0895859, 0.0510061, 0.0774525, 0.0705236, 0.115505, 0.107806, 0.115456
1.58109,0.0244544, 1.57409, 0.0840169,0.0910678,-0.0895953, 0.0500667, 0.0765517, 0.070092, 0.113802, 0.106798, 0.114001
1.58099,0.0236236, 1.57428, 0.0850558,0.0914069,-0.0898431, 0.0490843, 0.075562, 0.0697301, 0.111763, 0.105852, 0.112364
1.58096,0.0231656, 1.57398, 0.0851672,0.0914066,-0.0905339, 0.048122, 0.0745099, 0.069422, 0.10952, 0.104978, 0.110601
1.58099,0.0225435, 1.57366, 0.0857064,0.0913853,-0.0913581, 0.0472448, 0.0734089, 0.0691599, 0.10718, 0.104185, 0.108762
1.5812,0.0219361, 1.57271, 0.0857492,0.0909522,-0.0930039, 0.0464789, 0.0722891, 0.0689374, 0.104692, 0.103472, 0.1069
1.58147,0.0216263, 1.57184, 0.0853113,0.0903554,-0.094341, 0.0459036, 0.0711796, 0.0687526, 0.102211, 0.102859, 0.105097
1.58164,0.0216027, 1.5717, 0.0847769,0.0899652,-0.0945235, 0.0454865, 0.070086, 0.0685914, 0.0997601, 0.102322, 0.103385
1.58173,0.0217023, 1.57199, 0.0841613,0.0896945,-0.0940652, 0.0451653, 0.0690279, 0.0684407, 0.097257, 0.101836, 0.101781
1.58171,0.0220681, 1.57292, 0.0828223,0.0895136,-0.0926249, 0.044904, 0.0680138, 0.068288, 0.0947289, 0.101381, 0.100292
1.58168,0.0223925, 1.57367, 0.0814087,0.0893311,-0.0914489, 0.0446916, 0.0670576, 0.0681246, 0.0922579, 0.100944, 0.0989342
1.58152,0.0227175, 1.57456, 0.0801624,0.0893962,-0.0901111, 0.0445242, 0.0661612, 0.0679423, 0.0898413, 0.10051, 0.0977044
1.58134,0.0230471, 1.57542, 0.0786199,0.0894436,-0.0888263, 0.0443861, 0.0653211, 0.0677272, 0.0874776, 0.10005, 0.0965894
1.5817,0.0231348, 1.57534, 0.0767704,0.0886251,-0.0888585, 0.0442966, 0.0645572, 0.0674975, 0.0852605, 0.0995956, 0.095618
1.58186,0.0232152, 1.57559, 0.074855,0.0881376,-0.088479, 0.0442586, 0.0638801, 0.0672743, 0.083233, 0.0991837, 0.0947992
1.58172,0.0232893, 1.57618, 0.0733143,0.0881399,-0.0877075, 0.0442386, 0.0632714, 0.0670311, 0.0813453, 0.0987614, 0.0940908
1.5821,0.0232214, 1.57612, 0.0716683,0.0873368,-0.0877668, 0.0442243, 0.062735, 0.0667709, 0.0795558, 0.0983273, 0.0934846
1.58239,0.0230304, 1.57624, 0.0696413,0.0866451,-0.0876824, 0.0441908, 0.0622781, 0.0665194, 0.0778943, 0.0979249, 0.0929799
1.58216,0.0227517, 1.57681, 0.0674161,0.0867412,-0.0871912, 0.0441384, 0.0618635, 0.0662539, 0.0764406, 0.0975117, 0.0925263
1.58193,0.0224564, 1.57728, 0.0655488,0.0868813,-0.0868127, 0.0440833, 0.0614681, 0.0659568, 0.0751808, 0.0970521, 0.092092
1.58177,0.0220532, 1.57764, 0.0635564,0.0869411,-0.0866388, 0.0440078, 0.0610918, 0.0656452, 0.0740994, 0.0965724, 0.0916683
1.58124,0.0213893, 1.57811, 0.0616889,0.0876201,-0.0865484, 0.0438969, 0.0607135, 0.0653256, 0.0732394, 0.0960789, 0.0912282
1.58085,0.0208571, 1.5784, 0.0604328,0.0881669,-0.0865689, 0.0437334, 0.0603214, 0.0649997, 0.0725354, 0.0955679, 0.0907507
1.58088,0.0205449, 1.57843, 0.0591249,0.0880831,-0.086742, 0.0434857, 0.0599347, 0.0647043, 0.0719776, 0.0951107, 0.0902389
1.58067,0.0199378, 1.57851, 0.0582849,0.0884299,-0.0870593, 0.0431259, 0.059555, 0.0644514, 0.0715606, 0.0947303, 0.0896855
1.58052,0.0194234, 1.57851, 0.0577364,0.0887142,-0.0874039, 0.0426824, 0.0591761, 0.0642285, 0.07121, 0.0944016, 0.0890804
1.58048,0.0190695, 1.57849, 0.0571652,0.0888509,-0.0876442, 0.0421634, 0.0587994, 0.064035, 0.0709128, 0.0941274, 0.0884241
1.58042,0.0186781, 1.57849, 0.0568737,0.0890407,-0.0878555, 0.0415569, 0.058433, 0.0638713, 0.0706703, 0.0939078, 0.0877264
1.58023,0.0180253, 1.57851, 0.0568271,0.089446,-0.0882155, 0.0409225, 0.0580643, 0.0637166, 0.0704367, 0.0937048, 0.0869925
1.58006,0.0176104, 1.57862, 0.0568155,0.0898276,-0.0882895, 0.0402915, 0.0576902, 0.0635636, 0.0702025, 0.0935059, 0.0862301
1.57982,0.0170263, 1.57879, 0.0568325,0.0902586,-0.0883843, 0.0396846, 0.0573136, 0.0634068, 0.0699784, 0.0933052, 0.0854524
1.57952,0.0163022, 1.57886, 0.0569792,0.0907841,-0.0887158, 0.0391566, 0.0569249, 0.0632368, 0.0697541, 0.0930891, 0.0846639
1.57923,0.0159166, 1.57902, 0.0570184,0.0912882,-0.0887165, 0.0387051, 0.0565224, 0.0630518, 0.0695232, 0.092856, 0.0838654
1.57894,0.0157368, 1.57927, 0.0569129,0.0917229,-0.0884588, 0.0383046, 0.0561137, 0.0628534, 0.0693158, 0.0926128, 0.0830604
1.57862,0.0155017, 1.5795, 0.0568169,0.0921922,-0.0882735, 0.0379517, 0.0557009, 0.0626397, 0.0691389, 0.0923573, 0.0822511
1.57829,0.0152295, 1.57972, 0.0567206,0.0926945,-0.0881193, 0.0376303, 0.0552859, 0.0624116, 0.0689819, 0.092088, 0.0814413
1.57795,0.0150874, 1.58004, 0.0566017,0.0932089,-0.0877283, 0.0373186, 0.0548728, 0.0621698, 0.0688466, 0.0918031, 0.0806322
1.57764,0.0147467, 1.58018, 0.0566635,0.0936996,-0.0877434, 0.0369998, 0.0544658, 0.0619148, 0.0687262, 0.0914993, 0.0798278
1.57733,0.0142953, 1.58022, 0.0568556,0.094196,-0.0879798, 0.0366929, 0.0540626, 0.0616545, 0.0685948, 0.0911881, 0.0790348
1.57668,0.0139069, 1.5804, 0.0572606,0.0952202,-0.0879847, 0.0363874, 0.0536636, 0.0613913, 0.0684418, 0.0908714, 0.0782509
1.57632,0.0135523, 1.58041, 0.0577349,0.0958259,-0.0882504, 0.0360852, 0.0532671, 0.0611267, 0.0682566, 0.0905496, 0.0774728
1.57585,0.0133427, 1.58049, 0.0582523,0.0965892,-0.0883333, 0.0357875, 0.0528749, 0.0608615, 0.0680371, 0.090224, 0.0767051
1.57538,0.0132079, 1.58063, 0.058728,0.0973415,-0.0882829, 0.0354961, 0.0524874, 0.0605943, 0.067789, 0.0898913, 0.0759479
1.57487,0.0131928, 1.5808, 0.0591922,0.0981396,-0.0881371, 0.0352204, 0.0521056, 0.0603253, 0.0675281, 0.0895529, 0.0752049
1.57436,0.0131763, 1.58092, 0.0597281,0.0989516,-0.0880591, 0.0349574, 0.0517316, 0.0600569, 0.0672521, 0.0892126, 0.0744805
1.57369,0.0133972, 1.58122, 0.0601554,0.0999923,-0.08761, 0.0347053, 0.0513668, 0.0597876, 0.0669741, 0.0888675, 0.0737741
1.57292,0.0136729, 1.58155, 0.06069,0.101192,-0.0870735, 0.0344493, 0.0510171, 0.0595092, 0.0666999, 0.0884988, 0.073087
1.57233,0.0137289, 1.5817, 0.0612966,0.102121,-0.0869022, 0.0341946, 0.0506811, 0.0592288, 0.0664108, 0.0881191, 0.0724221
1.57163,0.0139519, 1.58193, 0.0618958,0.103231,-0.0865421, 0.0339477, 0.0503554, 0.0589525, 0.066103, 0.0877393, 0.0717763
1.57088,0.0142164, 1.58221, 0.0625203,0.104431,-0.0860759, 0.0336959, 0.0500439, 0.0586729, 0.0657641, 0.0873412, 0.0711508
1.57008,0.0145494, 1.58251, 0.0631045,0.105696,-0.0855442, 0.0334465, 0.0497457, 0.0583953, 0.0653923, 0.0869348, 0.0705485
1.56911,0.0150526, 1.5829, 0.0638031,0.107259,-0.0848036, 0.0331948, 0.0494632, 0.0581139, 0.0649782, 0.0865059, 0.0699714
1.56815,0.0155776, 1.5833, 0.064426,0.108821,-0.0840113, 0.0329391, 0.0491986, 0.0578221, 0.0645129, 0.0860402, 0.0694225
1.56715,0.0161254, 1.58371, 0.0651418,0.110454,-0.0831951, 0.0326923, 0.0489509, 0.0575322, 0.0640123, 0.0855636, 0.068907
1.56607,0.016767, 1.58422, 0.0658477,0.112229,-0.0821727, 0.0324465, 0.048722, 0.0572381, 0.0634512, 0.0850617, 0.0684267
1.56537,0.0172875, 1.58461, 0.0658461,0.113316,-0.0813497, 0.0322256, 0.0485065, 0.0569549, 0.0629043, 0.0845733, 0.0679776
1.56443,0.0178789, 1.5851, 0.0663108,0.114852,-0.0803702, 0.0320426, 0.048302, 0.0566973, 0.0624205, 0.0841329, 0.067559
1.56322,0.018579, 1.58574, 0.0672567,0.116885,-0.079143, 0.0318562, 0.0481148, 0.0564341, 0.0618787, 0.0836666, 0.0671724
1.56249,0.0191593, 1.58614, 0.0674134,0.118052,-0.0782889, 0.0316676, 0.0479404, 0.0561653, 0.061281, 0.0831773, 0.06681
1.56183,0.0196924, 1.58657, 0.0675156,0.119125,-0.0774145, 0.0315191, 0.0477755, 0.055929, 0.0607844, 0.0827549, 0.066476
1.56078,0.0202957, 1.5872, 0.0683655,0.120896,-0.076234, 0.0313794, 0.0476219, 0.0557018, 0.0602906, 0.0823457, 0.0661669
1.55996,0.0208562, 1.58769, 0.0688669,0.122258,-0.0752722, 0.0312308, 0.0474823, 0.0554747, 0.0597365, 0.0819268, 0.0658858
1.55942,0.0214186, 1.58805, 0.0687533,0.123092,-0.074496, 0.0310986, 0.0473534, 0.0552668, 0.0592254, 0.0815472, 0.0656306
1.55891,0.0219198, 1.58841, 0.0686602,0.123887,-0.0737375, 0.0309966, 0.0472314, 0.0550839, 0.0588205, 0.0812263, 0.0653957
1.55836,0.0223655, 1.58883, 0.0687641,0.124765,-0.0729279, 0.0309079, 0.0471172, 0.0549141, 0.0584609, 0.0809348, 0.0651805
1.55795,0.0228112, 1.58915, 0.0685715,0.125375,-0.0722627, 0.0308282, 0.0470101, 0.0547524, 0.0581359, 0.0806624, 0.0649828
1.55753,0.0232329, 1.58953, 0.0683882,0.126003,-0.0715105, 0.0307618, 0.046906, 0.0545972, 0.0578664, 0.0804091, 0.0647961
1.55711,0.0235421, 1.58994, 0.0684951,0.126662,-0.0707878, 0.0306977, 0.0468063, 0.0544422, 0.0576075, 0.0801573, 0.0646217
1.55677,0.023817, 1.59026, 0.0686684,0.127211,-0.0702129, 0.0306317, 0.0467169, 0.0542884, 0.0573079, 0.0799023, 0.064468
1.55646,0.0241477, 1.59057, 0.0686493,0.127672,-0.0696458, 0.030566, 0.0466378, 0.0541357, 0.0569536, 0.0796421, 0.0643347
1.55622,0.0244911, 1.59083, 0.0684751,0.128008,-0.0691471, 0.0305005, 0.046565, 0.0539798, 0.0565519, 0.0793692, 0.064215
1.55604,0.0248274, 1.59103, 0.0681592,0.128212,-0.0687508, 0.0304379, 0.0464968, 0.0538187, 0.0561093, 0.0790802, 0.064106
1.55594,0.0251921, 1.59117, 0.0675623,0.128252,-0.0684361, 0.0303811, 0.0464319, 0.0536513, 0.055634, 0.0787728, 0.0640057
1.55589,0.0254983, 1.59136, 0.0669582,0.128198,-0.0680738, 0.0303277, 0.0463672, 0.0534734, 0.0551364, 0.0784404, 0.0639085
1.55589,0.0257868, 1.59155, 0.0663753,0.128055,-0.0677464, 0.0302734, 0.0463003, 0.0532835, 0.0545963, 0.0780786, 0.0638102
1.55602,0.0261441, 1.59161, 0.0653479,0.127653,-0.0675749, 0.0302193, 0.0462298, 0.0530806, 0.0540232, 0.0776868, 0.0637078
1.55615,0.0265271, 1.59162, 0.0641129,0.127185,-0.0674832, 0.0301641, 0.0461521, 0.0528605, 0.0534801, 0.0772653, 0.0635971
1.55631,0.0268527, 1.59169, 0.0630472,0.126693,-0.0673223, 0.0301042, 0.0460645, 0.0526219, 0.0529665, 0.0768125, 0.0634743
1.55651,0.0271194, 1.59178, 0.06203,0.126142,-0.0671695, 0.0300411, 0.0459669, 0.0523671, 0.0524565, 0.0763303, 0.063338
1.55669,0.0274423, 1.59173, 0.0609296,0.125602,-0.0671985, 0.0299754, 0.0458596, 0.0520985, 0.0519496, 0.0758235, 0.0631883
1.5569,0.0277868, 1.59156, 0.0596517,0.124963,-0.0673894, 0.029902, 0.0457453, 0.0518159, 0.0514649, 0.0752934, 0.0630301
1.55715,0.0280772, 1.59135, 0.0584906,0.124292,-0.0676458, 0.0298092, 0.0456244, 0.05152, 0.051016, 0.0747439, 0.0628656
1.55734,0.0282595, 1.59119, 0.0575283,0.123723,-0.0678533, 0.0296862, 0.0454966, 0.0512126, 0.0505978, 0.0741797, 0.0626949
1.55747,0.0283918, 1.59103, 0.0568807,0.123281,-0.0680524, 0.0295201, 0.0453598, 0.0508942, 0.0502064, 0.0736051, 0.0625158
1.55748,0.028446, 1.5909, 0.0568094,0.123131,-0.0681954, 0.029289, 0.0452116, 0.0505616, 0.0498076, 0.0730157, 0.062325
1.55744,0.0282871, 1.59091, 0.0571249,0.123119,-0.0681742, 0.0289909, 0.0450527, 0.0502143, 0.0493621, 0.0724088, 0.0621217
1.5574,0.0279761, 1.59099, 0.0574665,0.123121,-0.0680947, 0.0286625, 0.0448898, 0.0498586, 0.0488866, 0.0717949, 0.0619122
1.55737,0.0275852, 1.59107, 0.0577712,0.123124,-0.0680438, 0.0283393, 0.0447304, 0.0495031, 0.0484125, 0.071188, 0.0617047
1.55748,0.0270238, 1.59122, 0.0577146,0.122834,-0.0679734, 0.0280378, 0.0445762, 0.0491508, 0.0479685, 0.0705945, 0.0615017
1.55768,0.0264374, 1.59136, 0.0574302,0.122387,-0.0679499, 0.0277806, 0.0444292, 0.0488088, 0.0475957, 0.0700278, 0.0613056
1.5578,0.0258443, 1.59145, 0.0572368,0.122076,-0.067994, 0.027565, 0.0442866, 0.0484781, 0.0472999, 0.0694908, 0.0611136
1.55793,0.0252374, 1.59146, 0.0570828,0.121741,-0.0681553, 0.0273704, 0.0441436, 0.0481516, 0.0470573, 0.0689718, 0.06092
1.55804,0.0246856, 1.5914, 0.0570619,0.121484,-0.0683971, 0.0271891, 0.0439981, 0.0478273, 0.0468574, 0.0684668, 0.0607229
1.55806,0.0241609, 1.5913, 0.0572113,0.121391,-0.0686957, 0.0270146, 0.0438501, 0.0475028, 0.0466837, 0.0679701, 0.0605219
1.55799,0.0235624, 1.59113, 0.0575295,0.121441,-0.069084, 0.0268367, 0.0436973, 0.0471734, 0.0465218, 0.0674734, 0.0603145
1.55791,0.0229982, 1.59098, 0.057936,0.121547,-0.069445, 0.0266524, 0.0435385, 0.0468365, 0.0463644, 0.0669721, 0.0600994
1.55788,0.0225207, 1.59088, 0.0581901,0.121565,-0.0697231, 0.0264816, 0.0433804, 0.0465004, 0.046223, 0.0664754, 0.0598832
1.5578,0.0220064, 1.59065, 0.0585284,0.121673,-0.0701917, 0.0263295, 0.0432243, 0.0461694, 0.0461036, 0.0659891, 0.0596673
1.55768,0.0215669, 1.59044, 0.058854,0.121851,-0.0706108, 0.0261816, 0.0430676, 0.0458383, 0.04599, 0.0655046, 0.0594497
1.55761,0.0211693, 1.59029, 0.0590112,0.121946,-0.0709496, 0.0260531, 0.0429162, 0.0455164, 0.0458968, 0.0650346, 0.0592363
1.55744,0.0206959, 1.59001, 0.0592223,0.122201,-0.0714824, 0.0259373, 0.0427702, 0.0452046, 0.0458195, 0.0645808, 0.0590285
1.55726,0.0202035, 1.58974, 0.0594767,0.122493,-0.0720201, 0.025821, 0.0426281, 0.0448981, 0.0457474, 0.0641367, 0.0588267
1.55708,0.0197567, 1.58952, 0.0597121,0.122781,-0.0724639, 0.0257069, 0.0424891, 0.0445984, 0.0456864, 0.0637056, 0.0586296
1.55687,0.019358, 1.5893, 0.0599417,0.123144,-0.0728873, 0.025599, 0.0423558, 0.0443084, 0.045638, 0.0632912, 0.05844
1.5566,0.018937, 1.58904, 0.0601699,0.123601,-0.0733755, 0.0254944, 0.0422277, 0.0440264, 0.0455976, 0.0628904, 0.0582571
1.55622,0.0184588, 1.58868, 0.0604902,0.124249,-0.0740091, 0.0253854, 0.0421022, 0.0437475, 0.0455574, 0.0624944, 0.0580786
1.55575,0.0178609, 1.58828, 0.0610359,0.125088,-0.0747279, 0.0252573, 0.0419741, 0.0434615, 0.0455029, 0.0620868, 0.0578993
1.55541,0.0173525, 1.58802, 0.0615675,0.125732,-0.0752125, 0.0251122, 0.0418411, 0.043168, 0.045432, 0.0616668, 0.0577159
1.55516,0.0169093, 1.58786, 0.0619539,0.12621,-0.0755629, 0.0249729, 0.0417065, 0.0428789, 0.0453701, 0.0612543, 0.0575299
1.555,0.0165003, 1.58773, 0.0622028,0.126521,-0.0758525, 0.0248481, 0.0415706, 0.0425996, 0.0453267, 0.0608591, 0.0573409
1.55487,0.0161594, 1.58757, 0.0624121,0.126794,-0.0761903, 0.0247398, 0.0414317, 0.0423323, 0.0453021, 0.0604862, 0.0571465
1.55477,0.0159107, 1.58742, 0.0625395,0.127012,-0.0764683, 0.0246438, 0.0412917, 0.0420761, 0.0452891, 0.0601333, 0.0569493
1.55471,0.0156661, 1.58733, 0.0625873,0.127149,-0.0766834, 0.0245618, 0.0411528, 0.0418337, 0.0452848, 0.0598039, 0.0567518
1.55464,0.0154253, 1.58712, 0.0625888,0.127312,-0.0770681, 0.0244911, 0.0410136, 0.0416047, 0.0452817, 0.0594971, 0.0565526
1.55458,0.0151965, 1.587, 0.0625802,0.12744,-0.0773217, 0.0244261, 0.0408746, 0.0413871, 0.0452752, 0.0592088, 0.0563533
1.55452,0.0149869, 1.58687, 0.0625569,0.127578,-0.0775844, 0.0243684, 0.0407348, 0.0411826, 0.0452591, 0.0589414, 0.0561521
1.55447,0.0148216, 1.58682, 0.0625436,0.127686,-0.0777287, 0.0243167, 0.0405952, 0.0409909, 0.0452293, 0.0586938, 0.0559506
1.55439,0.0146889, 1.5867, 0.0624589,0.127837,-0.0779447, 0.024272, 0.0404585, 0.0408135, 0.0451815, 0.0584672, 0.0557517
1.55431,0.0145801, 1.58656, 0.0623325,0.127975,-0.078206, 0.0242305, 0.0403257, 0.040648, 0.0451206, 0.0582571, 0.055558
1.55422,0.0144923, 1.58647, 0.062213,0.128107,-0.0783669, 0.0241919, 0.0401991, 0.0404943, 0.0450486, 0.0580628, 0.0553727
1.55408,0.0144077, 1.58634, 0.0620271,0.128312,-0.0785809, 0.0241573, 0.0400808, 0.0403532, 0.0449657, 0.0578852, 0.0551985
1.55395,0.0143202, 1.58627, 0.0618958,0.128496,-0.0787129, 0.0241253, 0.0399718, 0.0402239, 0.044877, 0.0577225, 0.0550376
1.5538,0.0142303, 1.58617, 0.061727,0.128712,-0.0788861, 0.0240958, 0.039872, 0.0401065, 0.0447813, 0.0575748, 0.0548899
1.55365,0.0141578, 1.58607, 0.0615639,0.128926,-0.0790533, 0.0240663, 0.0397823, 0.0399989, 0.0446906, 0.0574382, 0.0547577
1.5535,0.0140829, 1.58604, 0.0614766,0.129125,-0.0791135, 0.0240367, 0.0397026, 0.0399008, 0.0446059, 0.057312, 0.054641
1.55334,0.0140329, 1.58602, 0.0614252,0.129322,-0.079154, 0.024008, 0.0396325, 0.0398127, 0.0445241, 0.0571974, 0.0545388
1.5532,0.0140041, 1.58598, 0.0613601,0.129475,-0.0791978, 0.0239807, 0.0395726, 0.0397348, 0.044443, 0.0570946, 0.0544511
1.55305,0.0139707, 1.5859, 0.0612498,0.129654,-0.079307, 0.0239524, 0.0395228, 0.0396645, 0.0443714, 0.0569992, 0.0543784
1.55295,0.0139783, 1.58587, 0.0612564,0.12974,-0.0793321, 0.0239223, 0.0394816, 0.0396008, 0.0443093, 0.0569099, 0.0543186
1.55289,0.0140053, 1.58586, 0.0613302,0.129759,-0.0793297, 0.0238922, 0.0394471, 0.0395443, 0.0442472, 0.0568286, 0.0542682
1.55287,0.0140342, 1.58583, 0.061406,0.12974,-0.0793426, 0.0238636, 0.0394173, 0.0394951, 0.0441806, 0.0567557, 0.054224
1.55285,0.0140714, 1.58578, 0.0614481,0.129704,-0.0793914, 0.0238355, 0.0393914, 0.0394516, 0.0441121, 0.0566891, 0.0541852
1.55286,0.0141191, 1.58573, 0.061524,0.129618,-0.079435, 0.023806, 0.0393696, 0.0394117, 0.0440447, 0.0566263, 0.0541519
1.55294,0.0142094, 1.58569, 0.0617268,0.129425,-0.0794454, 0.0237771, 0.0393503, 0.0393764, 0.0439687, 0.0565695, 0.054121
1.55302,0.0142907, 1.58564, 0.0619204,0.12925,-0.0794694, 0.0237493, 0.0393325, 0.0393453, 0.0438749, 0.0565193, 0.0540906
1.55304,0.0143177, 1.58556, 0.0620103,0.129165,-0.0795356, 0.0237167, 0.039318, 0.0393148, 0.0437789, 0.0564694, 0.0540639
1.55304,0.0143299, 1.5855, 0.0620818,0.129129,-0.0795983, 0.0236778, 0.0393069, 0.0392833, 0.0436934, 0.0564162, 0.0540417
1.55307,0.0143979, 1.58545, 0.0622372,0.129045,-0.0796287, 0.0236338, 0.039298, 0.0392509, 0.0436194, 0.0563593, 0.0540227
1.55317,0.0145117, 1.58541, 0.0624426,0.128868,-0.0796407, 0.0235888, 0.0392897, 0.0392182, 0.0435443, 0.0563011, 0.0540038
1.55326,0.0146012, 1.58537, 0.0626065,0.128712,-0.0796572, 0.0235468, 0.0392811, 0.0391861, 0.04347, 0.0562431, 0.0539837
1.55339,0.0147076, 1.58533, 0.0627819,0.128491,-0.079678, 0.0235066, 0.0392722, 0.0391531, 0.0434003, 0.0561835, 0.0539628
1.55357,0.0148466, 1.5853, 0.0630017,0.128194,-0.0796923, 0.0234728, 0.0392617, 0.0391204, 0.043329, 0.0561254, 0.0539391
1.55371,0.0149252, 1.58528, 0.063181,0.127972,-0.0796772, 0.023444, 0.0392497, 0.0390871, 0.0432556, 0.056068, 0.0539127
1.55389,0.0150457, 1.58529, 0.0634479,0.127715,-0.0796138, 0.0234142, 0.0392371, 0.039052, 0.0431822, 0.056008, 0.0538851
1.55413,0.0152026, 1.5853, 0.0638081,0.127374,-0.0795345, 0.0233857, 0.0392221, 0.0390155, 0.0430957, 0.0559471, 0.053853
1.55433,0.0153249, 1.58535, 0.0641761,0.127105,-0.0794068, 0.0233595, 0.0392039, 0.038978, 0.0429926, 0.0558856, 0.0538151
1.55451,0.0154289, 1.58544, 0.0645731,0.126875,-0.0792303, 0.0233336, 0.039182, 0.0389388, 0.0428752, 0.0558214, 0.0537707
1.55466,0.0155004, 1.58554, 0.0649028,0.126706,-0.0790494, 0.0233068, 0.0391567, 0.0388978, 0.0427499, 0.0557538, 0.0537208
1.55482,0.0155846, 1.58557, 0.0651135,0.126484,-0.0789679, 0.0232817, 0.0391298, 0.0388558, 0.0426314, 0.0556842, 0.0536687
1.555,0.0156672, 1.58557, 0.0652699,0.126223,-0.0789517, 0.0232654, 0.0391022, 0.0388131, 0.0425285, 0.0556151, 0.0536158
1.55518,0.0157209, 1.58561, 0.06543,0.125978,-0.078876, 0.0232562, 0.0390736, 0.0387693, 0.0424386, 0.0555459, 0.0535617
1.55536,0.0157656, 1.58567, 0.065614,0.125736,-0.0787648, 0.0232497, 0.0390428, 0.0387243, 0.0423577, 0.0554754, 0.0535049
1.55558,0.0158133, 1.58579, 0.0658569,0.125476,-0.0785663, 0.0232439, 0.039007, 0.0386773, 0.042278, 0.0554017, 0.0534409
1.55579,0.0158705, 1.58593, 0.0661127,0.125238,-0.0783174, 0.0232371, 0.0389651, 0.0386288, 0.0421962, 0.0553247, 0.053368
1.55597,0.0159854, 1.58608, 0.0663981,0.125074,-0.0780376, 0.0232286, 0.0389198, 0.0385806, 0.0421156, 0.0552464, 0.0532901
1.55612,0.0161285, 1.58628, 0.0668379,0.125004,-0.07767, 0.0232181, 0.0388747, 0.0385346, 0.0420311, 0.0551687, 0.0532125
1.55622,0.0162653, 1.58649, 0.0673387,0.124992,-0.0772943, 0.023206, 0.0388274, 0.0384886, 0.0419349, 0.0550883, 0.0531319
1.55629,0.0164127, 1.58666, 0.0678648,0.12504,-0.0769677, 0.0231925, 0.0387772, 0.0384417, 0.0418277, 0.0550046, 0.0530477
1.55634,0.0165598, 1.58679, 0.0683515,0.125104,-0.076722, 0.0231759, 0.0387268, 0.0383949, 0.041712, 0.0549199, 0.0529645
1.55638,0.016674, 1.58688, 0.0686985,0.125134,-0.0765382, 0.0231552, 0.0386752, 0.0383474, 0.0416058, 0.0548357, 0.0528817
1.55643,0.0167984, 1.58695, 0.0690115,0.125146,-0.0763796, 0.0231282, 0.0386206, 0.0382986, 0.0415181, 0.0547519, 0.0527972
1.55646,0.0168746, 1.58702, 0.0692133,0.125158,-0.0762375, 0.0230925, 0.0385593, 0.0382465, 0.0414524, 0.0546656, 0.0527056
1.55656,0.0170568, 1.587, 0.0694043,0.125087,-0.0762188, 0.0230446, 0.0384883, 0.0381896, 0.0414064, 0.0545744, 0.0526025
1.5567,0.0173811, 1.58687, 0.069659,0.124993,-0.07631, 0.0229877, 0.0384145, 0.0381327, 0.0413691, 0.0544847, 0.0524978
1.55685,0.0177126, 1.58673, 0.0699019,0.124882,-0.0764255, 0.0229245, 0.0383405, 0.0380769, 0.0413342, 0.0543979, 0.0523948
1.55702,0.0181795, 1.58648, 0.0702369,0.12476,-0.0766814, 0.0228535, 0.0382668, 0.038023, 0.0412984, 0.0543154, 0.0522945
1.55715,0.0187126, 1.58623, 0.070701,0.124713,-0.076914, 0.0227759, 0.0381963, 0.0379732, 0.0412481, 0.0542395, 0.052201
1.55723,0.0192263, 1.58599, 0.0712036,0.124737,-0.0771307, 0.0226926, 0.0381272, 0.0379258, 0.0411778, 0.0541674, 0.0521114
1.55731,0.0197001, 1.58575, 0.0716493,0.124757,-0.0773737, 0.0225994, 0.0380565, 0.03788, 0.0410923, 0.0540983, 0.0520218
1.55739,0.0201606, 1.5855, 0.0719982,0.12473,-0.0776299, 0.0224944, 0.037982, 0.0378343, 0.0409994, 0.0540309, 0.0519291
1.5575,0.0207269, 1.58517, 0.0723982,0.124693,-0.077982, 0.0223779, 0.0379036, 0.0377883, 0.0408982, 0.0539643, 0.0518327
1.5576,0.0212363, 1.58488, 0.072631,0.124623,-0.0783002, 0.0222499, 0.0378217, 0.0377424, 0.0407785, 0.053898, 0.0517332
1.55768,0.021672, 1.5846, 0.0726831,0.124543,-0.0786131, 0.0221165, 0.0377353, 0.0376937, 0.0406658, 0.0538291, 0.0516278
1.55784,0.0222975, 1.58417, 0.0728619,0.124373,-0.0791054, 0.0219806, 0.0376457, 0.0376426, 0.0405566, 0.053757, 0.0515182
1.55799,0.0228415, 1.58381, 0.0728721,0.124181,-0.0795287, 0.0218423, 0.0375538, 0.0375901, 0.0404413, 0.0536824, 0.0514055
1.55819,0.0234138, 1.58339, 0.0727877,0.123902,-0.080024, 0.0217078, 0.0374601, 0.0375342, 0.0403389, 0.0536034, 0.0512896
1.55845,0.0240779, 1.58289, 0.0727652,0.123541,-0.0806237, 0.0215813, 0.0373669, 0.0374764, 0.0402458, 0.0535215, 0.0511736
1.55872,0.0247285, 1.58242, 0.0727938,0.123164,-0.0811994, 0.0214632, 0.0372748, 0.0374176, 0.0401568, 0.0534383, 0.0510585
1.55902,0.025401, 1.58191, 0.0729275,0.122743,-0.0818226, 0.021351, 0.0371828, 0.0373585, 0.0400673, 0.0533544, 0.0509432
1.5593,0.0260058, 1.58144, 0.0730046,0.122352,-0.0824049, 0.0212435, 0.0370901, 0.037299, 0.0399774, 0.0532699, 0.0508264
1.55958,0.0265797, 1.58097, 0.0731505,0.121948,-0.0829835, 0.0211445, 0.0369973, 0.0372374, 0.0399004, 0.053183, 0.050709
1.5599,0.0271555, 1.58048, 0.0734225,0.121506,-0.0835998, 0.0210461, 0.0369022, 0.0371747, 0.0398249, 0.0530945, 0.0505882
1.56021,0.0277001, 1.57999, 0.0737117,0.121077,-0.0842189, 0.0209431, 0.0368027, 0.0371115, 0.0397446, 0.0530045, 0.0504612
1.56053,0.0282214, 1.57951, 0.074007,0.120629,-0.0848412, 0.0208349, 0.0366982, 0.0370471, 0.0396636, 0.0529117, 0.0503272
1.56085,0.028696, 1.57904, 0.0743003,0.12018,-0.0854605, 0.0207174, 0.0365867, 0.0369808, 0.0395809, 0.0528143, 0.0501829
1.56116,0.0291801, 1.57852, 0.0744681,0.119689,-0.08615, 0.020593, 0.0364685, 0.0369111, 0.0395031, 0.0527099, 0.0500284
1.56151,0.029641, 1.57799, 0.0746464,0.119159,-0.0868596, 0.020466, 0.0363456, 0.0368365, 0.039436, 0.0525961, 0.049866
1.56186,0.0300663, 1.57746, 0.0747879,0.118599,-0.0875683, 0.020334, 0.0362164, 0.0367564, 0.0393755, 0.0524708, 0.0496932
1.56224,0.0304794, 1.57693, 0.0749112,0.117997,-0.0882961, 0.0201986, 0.0360814, 0.03667, 0.039322, 0.0523321, 0.0495102
1.56262,0.0308734, 1.57642, 0.0749724,0.117378,-0.0890046, 0.0200634, 0.0359422, 0.0365763, 0.0392771, 0.0521789, 0.049319
1.56309,0.0312903, 1.57582, 0.075052,0.116612,-0.089834, 0.0199307, 0.0358002, 0.0364757, 0.0392402, 0.0520119, 0.0491217
1.56355,0.0316781, 1.57526, 0.075095,0.11586,-0.0906217, 0.0197979, 0.0356546, 0.03637, 0.0392068, 0.0518343, 0.0489174
1.56396,0.032009, 1.57474, 0.0751149,0.115186,-0.0913513, 0.0196734, 0.03551, 0.0362574, 0.0391827, 0.0516438, 0.0487121
1.5644,0.0323301, 1.57421, 0.0751277,0.11445,-0.0921052, 0.0195572, 0.0353667, 0.0361386, 0.0391653, 0.0514417, 0.0485064
1.56484,0.0326267, 1.57369, 0.0751342,0.113719,-0.0928486, 0.0194493, 0.0352257, 0.0360147, 0.0391526, 0.0512304, 0.0483021
1.56523,0.0329074, 1.57317, 0.0751276,0.11307,-0.0935949, 0.0193548, 0.0350912, 0.0358847, 0.0391445, 0.0510093, 0.048105
1.5657,0.0331192, 1.5727, 0.07512,0.112309,-0.0942709, 0.0192744, 0.0349645, 0.0357481, 0.0391374, 0.0507779, 0.0479171
1.56619,0.0332598, 1.57231, 0.0751134,0.111536,-0.0948413, 0.0191989, 0.0348412, 0.0356113, 0.03913, 0.0505471, 0.0477333
1.56659,0.0333731, 1.57198, 0.0751109,0.110913,-0.0953264, 0.0191253, 0.0347192, 0.0354769, 0.0391232, 0.0503199, 0.0475504
1.56681,0.0335142, 1.57165, 0.0751216,0.110529,-0.0958091, 0.0190623, 0.0346035, 0.0353397, 0.0391142, 0.0500881, 0.0473749
1.5671,0.0336151, 1.57132, 0.0751018,0.110055,-0.096279, 0.0190137, 0.034497, 0.0351962, 0.039097, 0.0498462, 0.0472105
1.56747,0.0336669, 1.57103, 0.075022,0.109474,-0.0967099, 0.0189711, 0.0343952, 0.0350542, 0.0390769, 0.0496073, 0.0470523
1.56777,0.0337637, 1.57069, 0.0750062,0.108984,-0.0972075, 0.0189339, 0.0342995, 0.0349159, 0.0390545, 0.0493759, 0.046902
1.56813,0.0338417, 1.57033, 0.0749817,0.108409,-0.0977356, 0.0189048, 0.0342133, 0.0347771, 0.0390227, 0.0491469, 0.0467653
1.56871,0.0337867, 1.57007, 0.0747882,0.107565,-0.0981397, 0.0188764, 0.0341337, 0.0346463, 0.038994, 0.0489352, 0.0466387
1.56911,0.0337267, 1.5699, 0.0747354,0.106998,-0.0983974, 0.018841, 0.0340543, 0.0345337, 0.0389814, 0.0487557, 0.046514
1.56944,0.033742, 1.56964, 0.0747752,0.10651,-0.0987709, 0.0188051, 0.0339797, 0.0344314, 0.0389717, 0.0485956, 0.0463967
1.56992,0.0336623, 1.56943, 0.0748208,0.105848,-0.0990891, 0.0187685, 0.0339125, 0.0343387, 0.0389611, 0.048455, 0.0462911
1.57049,0.0333982, 1.56942, 0.075068,0.105165,-0.0991296, 0.0187191, 0.0338445, 0.0342652, 0.0389485, 0.048347, 0.0461862
1.57089,0.0332553, 1.56934, 0.0755334,0.104711,-0.0992423, 0.0186489, 0.0337698, 0.0342116, 0.0389099, 0.0482687, 0.0460731
1.5712,0.0332344, 1.56916, 0.0759988,0.104325,-0.0995013, 0.018569, 0.033699, 0.0341691, 0.0388433, 0.0482089, 0.045967
1.57149,0.0330523, 1.56916, 0.0766666,0.104071,-0.0994996, 0.0184805, 0.0336327, 0.0341355, 0.0387458, 0.0481628, 0.0458682
1.57171,0.0328824, 1.56919, 0.0774004,0.103927,-0.0994584, 0.0183787, 0.0335647, 0.0341106, 0.0386034, 0.0481252, 0.0457673
1.57186,0.0328565, 1.5691, 0.0779375,0.10381,-0.0995753, 0.018271, 0.0335, 0.0340911, 0.0384301, 0.0480925, 0.0456711
1.57197,0.0328136, 1.56904, 0.0784018,0.103748,-0.0996394, 0.0181665, 0.0334435, 0.0340748, 0.0382505, 0.0480635, 0.0455869
1.57206,0.0327323, 1.56903, 0.0789032,0.103732,-0.099646, 0.0180653, 0.0333924, 0.0340611, 0.0380666, 0.0480354, 0.0455099
1.57213,0.0326508, 1.56902, 0.0793931,0.103742,-0.0996413, 0.0179677, 0.0333453, 0.0340493, 0.0378813, 0.0480067, 0.0454384
1.5722,0.0325107, 1.56907, 0.0799895,0.103816,-0.0995515, 0.0178728, 0.0333, 0.034039, 0.0376916, 0.0479753, 0.0453689
1.57224,0.0323803, 1.56913, 0.080589,0.103923,-0.0994443, 0.0177784, 0.0332537, 0.0340296, 0.0374893, 0.047938, 0.0452972
1.57228,0.0323092, 1.56915, 0.081069,0.104009,-0.0993935, 0.0176858, 0.0332062, 0.03402, 0.0372775, 0.0478937, 0.0452232
1.57231,0.0322868, 1.56913, 0.0814506,0.104067,-0.099398, 0.017598, 0.0331595, 0.0340101, 0.0370679, 0.0478446, 0.0451501
1.57235,0.0323236, 1.56906, 0.0816754,0.104054,-0.0994804, 0.0175167, 0.0331147, 0.0339998, 0.036868, 0.0477925, 0.0450795
1.57239,0.0323757, 1.56898, 0.0818306,0.104014,-0.0995751, 0.0174445, 0.0330738, 0.0339895, 0.0366888, 0.0477405, 0.0450148
1.57242,0.0323651, 1.56896, 0.0821442,0.104077,-0.0995786, 0.0173786, 0.0330346, 0.0339785, 0.0365205, 0.0476863, 0.0449526
1.57243,0.032345, 1.56896, 0.0824955,0.10418,-0.0995507, 0.0173138, 0.0329928, 0.0339654, 0.0363421, 0.0476236, 0.0448865
1.57244,0.0323559, 1.56895, 0.0827458,0.104242,-0.0995485, 0.017249, 0.0329479, 0.0339496, 0.0361528, 0.0475522, 0.0448158
1.57246,0.0323806, 1.56893, 0.0827789,0.104221,-0.0995703, 0.0171862, 0.0329007, 0.0339304, 0.035961, 0.0474735, 0.0447419
1.57246,0.0323752, 1.56895, 0.082772,0.104213,-0.0995479, 0.0171291, 0.0328528, 0.0339072, 0.0357761, 0.0473881, 0.0446674
1.57242,0.0323147, 1.56903, 0.0827099,0.104204,-0.0994506, 0.0170777, 0.0328029, 0.033878, 0.035589, 0.047293, 0.0445907
1.57219,0.0320929, 1.56936, 0.0831466,0.104568,-0.0990107, 0.0170278, 0.0327461, 0.033838, 0.0353634, 0.0471779, 0.0445047
1.57192,0.0317925, 1.56977, 0.0837947,0.104982,-0.0984634, 0.0169655, 0.0326742, 0.033782, 0.0350232, 0.0470289, 0.0443976
1.57167,0.0314556, 1.57021, 0.0845057,0.105324,-0.0978973, 0.0168837, 0.0325851, 0.0337113, 0.0345311, 0.0468493, 0.0442673
1.57149,0.0311718, 1.57057, 0.0851325,0.10558,-0.0974381, 0.0167751, 0.032479, 0.0336289, 0.0338616, 0.0466459, 0.0441136
1.57152,0.0307842, 1.57083, 0.0852448,0.105381,-0.0971589, 0.0166414, 0.0323603, 0.0335407, 0.0330402, 0.0464325, 0.0439432
1.57163,0.0303853, 1.57103, 0.0850928,0.105021,-0.0969863, 0.0164924, 0.0322313, 0.0334509, 0.0321184, 0.046223, 0.0437598
1.57165,0.030227, 1.57111, 0.0847329,0.10485,-0.0969237, 0.0163283, 0.0320939, 0.0333591, 0.0311145, 0.0460184, 0.0435657
1.57167,0.0299734, 1.57123, 0.0843274,0.104644,-0.096828, 0.0161484, 0.0319514, 0.0332642, 0.0300473, 0.0458182, 0.0433647
1.57169,0.0296667, 1.57133, 0.0836625,0.104396,-0.0967711, 0.0159579, 0.0318018, 0.0331634, 0.0289508, 0.0456214, 0.043154
1.57158,0.0295218, 1.5714, 0.0829438,0.104379,-0.0967126, 0.01576, 0.0316458, 0.0330536, 0.027854, 0.0454248, 0.042934
1.57145,0.0292886, 1.57139, 0.081801,0.104294,-0.0967827, 0.0155587, 0.0314834, 0.0329322, 0.0267873, 0.0452246, 0.0427048
1.57133,0.0289009, 1.57142, 0.0806248,0.104184,-0.0968303, 0.0153611, 0.0313094, 0.0327956, 0.0257791, 0.0450148, 0.0424592
1.57099,0.0287186, 1.57137, 0.0791963,0.104382,-0.0969313, 0.0151716, 0.0311224, 0.0326432, 0.0248482, 0.0447923, 0.042195
1.57049,0.0286419, 1.57138, 0.0776926,0.104845,-0.0969323, 0.0149939, 0.0309258, 0.0324794, 0.0240095, 0.044561, 0.0419169
1.56993,0.0285274, 1.57138, 0.0762264,0.105379,-0.096946, 0.0148305, 0.0307196, 0.0323074, 0.0232663, 0.0443236, 0.0416251
1.56932,0.0283835, 1.57145, 0.0749034,0.105989,-0.0968663, 0.0146825, 0.0305024, 0.0321296, 0.0226141, 0.0440816, 0.041318
1.56877,0.0281866, 1.57156, 0.0738453,0.106561,-0.0967315, 0.0145478, 0.0302716, 0.0319448, 0.0220399, 0.0438327, 0.0409919
1.5682,0.0280084, 1.57177, 0.0730589,0.1072,-0.0964628, 0.0144227, 0.0300232, 0.0317501, 0.0215281, 0.0435725, 0.0406412
1.56758,0.0278197, 1.57202, 0.0723735,0.107925,-0.0961212, 0.0143046, 0.0297533, 0.0315427, 0.0210682, 0.0432975, 0.0402603
1.56694,0.0275734, 1.57223, 0.0717024,0.108674,-0.0958365, 0.0141933, 0.0294603, 0.0313233, 0.0206571, 0.0430076, 0.0398475
1.56634,0.0272816, 1.57244, 0.0711513,0.109381,-0.0955668, 0.0140881, 0.0291405, 0.03109, 0.0202904, 0.0426991, 0.0393979
1.56565,0.027028, 1.57269, 0.0706164,0.110227,-0.0952216, 0.013989, 0.0287974, 0.0308478, 0.0199668, 0.0423783, 0.0389169
1.5649,0.0267827, 1.57296, 0.0700831,0.111165,-0.0948479, 0.0138957, 0.0284334, 0.0306005, 0.0196827, 0.0420496, 0.038408
1.56404,0.0265379, 1.57325, 0.0695331,0.112261,-0.0944368, 0.0138088, 0.0280538, 0.0303548, 0.0194361, 0.0417217, 0.0378789
1.56314,0.0262738, 1.5735, 0.0689851,0.113411,-0.0940698, 0.013729, 0.0276663, 0.0301194, 0.0192256, 0.0414057, 0.0373404
1.56212,0.0260333, 1.5738, 0.0684302,0.114747,-0.093618, 0.0136576, 0.0272803, 0.029905, 0.0190485, 0.0411153, 0.0368062
1.56116,0.0257989, 1.57405, 0.0679264,0.116008,-0.0932315, 0.0135956, 0.0269079, 0.0297223, 0.0189024, 0.0408653, 0.0362927
1.5603,0.0255722, 1.57438, 0.0675339,0.117157,-0.09273, 0.0135422, 0.0265533, 0.0295725, 0.0187821, 0.040658, 0.0358058
1.55956,0.0253494, 1.57468, 0.0672341,0.118165,-0.0922645, 0.0134963, 0.0262194, 0.0294538, 0.0186828, 0.0404919, 0.0353492
1.55895,0.0251447, 1.57497, 0.0670408,0.118996,-0.0918107, 0.013456, 0.025906, 0.0293619, 0.0186007, 0.0403617, 0.0349225
1.55849,0.0249503, 1.57528, 0.0669179,0.119641,-0.091343, 0.01342, 0.0256136, 0.0292927, 0.0185314, 0.0402629, 0.0345259
1.55815,0.0247455, 1.57554, 0.0668563,0.12012,-0.0909374, 0.0133868, 0.0253409, 0.0292418, 0.0184727, 0.0401897, 0.0341579
1.55796,0.0245542, 1.57571, 0.0668421,0.120395,-0.0906523, 0.0133544, 0.0250872, 0.029205, 0.0184223, 0.0401368, 0.0338174
1.55788,0.0243643, 1.57588, 0.0668974,0.120523,-0.0903775, 0.0133213, 0.0248496, 0.0291771, 0.0183778, 0.0400975, 0.0335005
1.55792,0.0241784, 1.576, 0.0670132,0.120496,-0.0901744, 0.0132864, 0.0246273, 0.0291534, 0.0183367, 0.0400664, 0.0332057
1.5581,0.024004, 1.57608, 0.0671804,0.12029,-0.0900151, 0.0132481, 0.0244201, 0.0291287, 0.0182971, 0.040037, 0.0329324
1.5584,0.0238387, 1.57612, 0.0674095,0.119918,-0.0899105, 0.0132044, 0.0242253, 0.0290975, 0.0182576, 0.0400023, 0.0326769
1.5589,0.0236364, 1.5761, 0.0677382,0.119323,-0.089879, 0.0131536, 0.024043, 0.0290538, 0.0182163, 0.0399554, 0.0324386
1.55961,0.0234299, 1.57601, 0.0681763,0.118449,-0.0899394, 0.0130943, 0.0238743, 0.0289918, 0.0181708, 0.0398888, 0.0322183
1.56037,0.0233203, 1.57599, 0.0686269,0.117475,-0.0899117, 0.0130237, 0.0237156, 0.0289077, 0.0181191, 0.0397975, 0.0320106
1.5612,0.023262, 1.57598, 0.0691156,0.116407,-0.0898679, 0.0129389, 0.0235614, 0.0288001, 0.0180603, 0.0396787, 0.0318078
1.56204,0.0231831, 1.57594, 0.0696196,0.115339,-0.0898821, 0.0128383, 0.0234097, 0.0286707, 0.0179934, 0.0395336, 0.0316068
1.56276,0.0231542, 1.57596, 0.0700738,0.114417,-0.0898066, 0.012723, 0.0232607, 0.0285258, 0.017918, 0.0393697, 0.0314076
1.56343,0.0231178, 1.57597, 0.0705194,0.113554,-0.089758, 0.0125936, 0.0231148, 0.0283703, 0.0178344, 0.0391921, 0.0312103
1.56394,0.0231502, 1.57607, 0.0708982,0.112884,-0.0896034, 0.0124504, 0.0229735, 0.0282077, 0.0177422, 0.0390044, 0.0310174
1.5643,0.023266, 1.57626, 0.0712139,0.112402,-0.0893082, 0.0122957, 0.0228378, 0.0280421, 0.0176423, 0.0388115, 0.0308302
1.56459,0.0233158, 1.57638, 0.0714891,0.112031,-0.0891272, 0.0121305, 0.0227099, 0.0278757, 0.0175342, 0.0386155, 0.0306518
1.5648,0.0233314, 1.57647, 0.071723,0.11176,-0.0889987, 0.0119568, 0.0225925, 0.0277114, 0.0174176, 0.0384196, 0.0304862
1.56499,0.0232423, 1.57646, 0.0719366,0.111539,-0.088994, 0.0117766, 0.0224878, 0.0275518, 0.0172921, 0.0382269, 0.0303367
1.56507,0.0232536, 1.57655, 0.0721147,0.111454,-0.0888608, 0.0115906, 0.0223971, 0.027398, 0.0171564, 0.0380381, 0.0302054
1.56508,0.0232557, 1.57663, 0.0722501,0.111449,-0.0887504, 0.0113998, 0.0223202, 0.0272484, 0.0170096, 0.0378512, 0.0300922
1.56502,0.0232199, 1.57665, 0.0722832,0.111551,-0.0887098, 0.0112057, 0.0222578, 0.0271033, 0.0168517, 0.0376662, 0.0299986
1.56487,0.0232321, 1.5767, 0.07226,0.111757,-0.0886397, 0.0110102, 0.0222091, 0.0269615, 0.0166832, 0.0374814, 0.0299236
1.56464,0.0232758, 1.57676, 0.0721935,0.112056,-0.0885597, 0.010815, 0.0221725, 0.0268206, 0.0165045, 0.037294, 0.0298656
1.56444,0.0232727, 1.57676, 0.0720208,0.112315,-0.0885649, 0.0106219, 0.0221463, 0.0266792, 0.0163172, 0.0371018, 0.0298222
1.5642,0.0232733, 1.57674, 0.071798,0.112626,-0.0885954, 0.010432, 0.0221285, 0.0265364, 0.0161225, 0.036904, 0.0297907
1.56396,0.0232453, 1.57668, 0.0714836,0.112927,-0.0886813, 0.0102468, 0.0221165, 0.0263908, 0.0159222, 0.0366987, 0.0297682
1.56381,0.0231604, 1.5766, 0.0711412,0.11312,-0.0888088, 0.0100661, 0.0221086, 0.0262425, 0.0157182, 0.0364862, 0.029752
1.56369,0.0229898, 1.5765, 0.0707589,0.113278,-0.0889703, 0.00988977, 0.0221025, 0.0260911, 0.0155113, 0.0362662, 0.0297394
1.56366,0.0227201, 1.57639, 0.0702862,0.113318,-0.0891532, 0.00971736, 0.0220967, 0.0259383, 0.0153048, 0.0360409, 0.0297281
1.56363,0.0225346, 1.5763, 0.0698161,0.11334,-0.0893148, 0.00954858, 0.0220895, 0.0257843, 0.0151001, 0.0358108, 0.0297161
1.56361,0.0223876, 1.5762, 0.0693461,0.113354,-0.0894732, 0.00938395, 0.0220792, 0.025627, 0.0148965, 0.0355738, 0.0297008
1.56365,0.0221763, 1.57613, 0.0688436,0.113295,-0.0896042, 0.00922426, 0.0220649, 0.0254669, 0.0146961, 0.0353311, 0.0296808
1.56369,0.0219325, 1.57608, 0.0683357,0.113231,-0.0897155, 0.00906828, 0.0220461, 0.0253055, 0.0145004, 0.0350846, 0.0296555
1.56378,0.0216977, 1.57605, 0.0678074,0.113102,-0.0897956, 0.00891639, 0.0220224, 0.0251433, 0.0143108, 0.0348356, 0.0296242
1.56387,0.0215466, 1.57601, 0.0673339,0.112965,-0.0898846, 0.00876956, 0.0219938, 0.0249807, 0.0141284, 0.0345852, 0.0295869
1.56398,0.0215438, 1.57591, 0.0669197,0.112788,-0.0900485, 0.00862853, 0.0219599, 0.0248153, 0.0139503, 0.0343305, 0.0295426
1.5641,0.0214966, 1.57583, 0.066529,0.112598,-0.0901781, 0.00849431, 0.0219205, 0.0246461, 0.0137753, 0.0340706, 0.0294909
1.56421,0.0214114, 1.5758, 0.0662111,0.112436,-0.0902423, 0.0083643, 0.0218746, 0.0244725, 0.0136022, 0.0338044, 0.0294307
1.56431,0.021279, 1.57581, 0.0659441,0.112299,-0.0902388, 0.00823594, 0.0218207, 0.0242909, 0.0134271, 0.0335265, 0.0293598
1.56444,0.0211428, 1.57586, 0.0656758,0.112122,-0.0902015, 0.00810761, 0.0217576, 0.0241011, 0.0132501, 0.0332364, 0.029277
1.56455,0.0210434, 1.57588, 0.0654458,0.111967,-0.0901958, 0.00797944, 0.0216842, 0.0239017, 0.0130703, 0.0329326, 0.0291806
1.56466,0.0208171, 1.57605, 0.0652041,0.111836,-0.0899886, 0.00785033, 0.0215992, 0.0236923, 0.0128878, 0.0326143, 0.029069
1.56474,0.020557, 1.57629, 0.0649742,0.111738,-0.0896893, 0.0077183, 0.0215016, 0.0234734, 0.012704, 0.032282, 0.0289409
1.56487,0.0203125, 1.57656, 0.0647202,0.111578,-0.0893556, 0.00758392, 0.0213905, 0.0232453, 0.0125197, 0.0319365, 0.0287952
1.56505,0.020061, 1.57687, 0.0643995,0.111337,-0.0889667, 0.00744917, 0.0212676, 0.0230119, 0.0123384, 0.0315836, 0.028634
1.56529,0.0198748, 1.57712, 0.0640492,0.111011,-0.0886523, 0.00731682, 0.0211366, 0.0227799, 0.0121654, 0.0312331, 0.028462
1.56555,0.0197831, 1.57726, 0.0637287,0.110649,-0.0884925, 0.00718971, 0.0209996, 0.022553, 0.0120022, 0.030891, 0.0282819
1.56578,0.0197106, 1.57736, 0.0634487,0.110327,-0.0883654, 0.00706864, 0.0208568, 0.0223318, 0.0118476, 0.030558, 0.0280938
1.56599,0.0196705, 1.57742, 0.0632043,0.110028,-0.0883024, 0.00695341, 0.0207078, 0.0221153, 0.0117001, 0.0302327, 0.0278971
1.5662,0.019639, 1.57746, 0.0629833,0.109741,-0.0882586, 0.00684393, 0.0205524, 0.0219024, 0.011558, 0.0299134, 0.0276917
1.5664,0.0196018, 1.57753, 0.0627638,0.109461,-0.0881784, 0.00673983, 0.0203911, 0.021693, 0.0114212, 0.0296003, 0.0274783
1.56664,0.019574, 1.5776, 0.0625262,0.109126,-0.0880975, 0.00664192, 0.0202259, 0.0214899, 0.0112909, 0.029297, 0.0272593
1.56688,0.0195151, 1.57774, 0.0622785,0.108797,-0.0879299, 0.00655032, 0.0200584, 0.0212954, 0.0111684, 0.0290069, 0.0270369
1.56719,0.0194641, 1.57788, 0.0619819,0.108372,-0.0877552, 0.00646551, 0.0198916, 0.021113, 0.0110558, 0.0287351, 0.0268153
1.56754,0.0194416, 1.57797, 0.0616706,0.107887,-0.0876418, 0.00638848, 0.0197297, 0.0209475, 0.0109554, 0.0284882, 0.0265997
1.56786,0.0194676, 1.57795, 0.0614016,0.10744,-0.0876815, 0.00631992, 0.0195746, 0.0208003, 0.0108671, 0.0282684, 0.0263928
1.56812,0.0194482, 1.57801, 0.0611669,0.107097,-0.0876149, 0.00625898, 0.0194256, 0.0206696, 0.010789, 0.0280729, 0.0261937
1.56833,0.0194003, 1.57814, 0.0609369,0.1068,-0.0874501, 0.00620378, 0.0192815, 0.0205526, 0.01072, 0.0278978, 0.026001
1.56856,0.0193855, 1.57819, 0.0607146,0.10649,-0.0873871, 0.00615415, 0.0191435, 0.0204493, 0.0106598, 0.0277427, 0.025816
1.56879,0.0193738, 1.57825, 0.0604947,0.106178,-0.0873095, 0.00611061, 0.0190136, 0.0203608, 0.0106086, 0.0276092, 0.0256415
1.56895,0.01934, 1.57834, 0.0602978,0.105965,-0.0871888, 0.00607292, 0.018893, 0.0202865, 0.0105663, 0.0274966, 0.0254793
1.56909,0.0193133, 1.57842, 0.0601163,0.105779,-0.0870796, 0.00604049, 0.0187818, 0.0202247, 0.010532, 0.0274022, 0.0253293
1.56925,0.0193281, 1.5784, 0.0599496,0.10557,-0.0871122, 0.00601338, 0.0186811, 0.0201748, 0.0105053, 0.0273251, 0.0251933
1.56937,0.0193543, 1.57833, 0.0598077,0.105409,-0.0872025, 0.00599213, 0.0185925, 0.0201374, 0.0104856, 0.0272661, 0.0250735
1.56942,0.0193763, 1.57824, 0.0597076,0.10534,-0.0873151, 0.00597599, 0.0185154, 0.0201097, 0.0104716, 0.0272213, 0.0249691
1.56943,0.0193961, 1.57816, 0.0596393,0.105343,-0.0874225, 0.00596383, 0.0184478, 0.0200884, 0.0104616, 0.0271856, 0.0248777
1.56936,0.0194119, 1.57806, 0.0596022,0.10545,-0.0875412, 0.00595499, 0.0183888, 0.0200707, 0.0104543, 0.0271554, 0.0247982
1.56916,0.019403, 1.57798, 0.0595956,0.105738,-0.0876321, 0.00594873, 0.018338, 0.0200529, 0.0104487, 0.027125, 0.0247302
1.5688,0.0193765, 1.57791, 0.0596458,0.106249,-0.087703, 0.00594381, 0.018294, 0.0200291, 0.0104438, 0.0270859, 0.0246715
1.56827,0.0193319, 1.57784, 0.0598003,0.10701,-0.0877628, 0.00593943, 0.0182552, 0.0199932, 0.0104364, 0.0270295, 0.0246204
1.56749,0.0192717, 1.57773, 0.0600461,0.108118,-0.0878593, 0.00593426, 0.018219, 0.0199386, 0.0104228, 0.0269462, 0.0245737
1.5665,0.0191804, 1.57766, 0.0604114,0.109518,-0.0879071, 0.00592662, 0.0181832, 0.019858, 0.0104002, 0.0268254, 0.0245281
1.56547,0.019043, 1.57771, 0.0608558,0.110965,-0.0878064, 0.00591541, 0.0181453, 0.0197507, 0.0103655, 0.0266664, 0.0244806
1.56452,0.0188897, 1.57783, 0.0613096,0.112303,-0.0876196, 0.00589994, 0.0181037, 0.0196216, 0.0103182, 0.0264759, 0.0244295
1.56348,0.0187501, 1.57788, 0.0618077,0.113763,-0.0875123, 0.0058798, 0.0180585, 0.019475, 0.0102594, 0.0262602, 0.0243746
1.5625,0.0185611, 1.57808, 0.0623295,0.11515,-0.0872273, 0.00585429, 0.0180099, 0.0193132, 0.0101895, 0.0260229, 0.0243159
1.56167,0.0183703, 1.57832, 0.0627985,0.116305,-0.0868925, 0.00582333, 0.017958, 0.0191431, 0.01011, 0.0257736, 0.0242539
1.56069,0.018265, 1.57833, 0.0633106,0.117689,-0.0868419, 0.00578718, 0.017905, 0.018968, 0.010023, 0.0255174, 0.0241908
1.55971,0.0181176, 1.57844, 0.063865,0.119075,-0.0866702, 0.00574535, 0.0178527, 0.0187896, 0.00992829, 0.0252567, 0.024129
1.55891,0.0179395, 1.57865, 0.0643674,0.120201,-0.0863841, 0.00569804, 0.017802, 0.018613, 0.00982734, 0.0249991, 0.0240696
1.55806,0.0178417, 1.5787, 0.0648805,0.121411,-0.0862833, 0.00564583, 0.0177549, 0.0184412, 0.00972187, 0.024749, 0.0240149
1.55747,0.0177418, 1.57881, 0.0652485,0.122235,-0.086135, 0.00558911, 0.017713, 0.0182773, 0.00961334, 0.0245114, 0.0239667
1.55712,0.0177148, 1.57883, 0.0654365,0.122726,-0.086092, 0.00552974, 0.0176763, 0.0181238, 0.00950608, 0.0242902, 0.0239247
1.55685,0.0177791, 1.57875, 0.0654954,0.123079,-0.0861805, 0.00546912, 0.017645, 0.0179817, 0.00940311, 0.0240871, 0.023889
1.55672,0.0178971, 1.57864, 0.0654199,0.123249,-0.0863104, 0.00540824, 0.0176183, 0.0178511, 0.00930682, 0.0239026, 0.0238585
1.55664,0.0180053, 1.57857, 0.0652819,0.123339,-0.0863842, 0.00534779, 0.0175949, 0.0177302, 0.00921831, 0.0237344, 0.0238313
1.55659,0.0180623, 1.57857, 0.06511,0.123369,-0.0863801, 0.00528822, 0.0175732, 0.0176166, 0.00913768, 0.0235786, 0.0238055
1.55654,0.0181357, 1.57857, 0.0648816,0.123394,-0.086365, 0.00522992, 0.0175522, 0.0175081, 0.009065, 0.0234323, 0.0237796
1.55645,0.0182239, 1.57859, 0.0646528,0.123466,-0.0863284, 0.00517311, 0.0175306, 0.017403, 0.00899989, 0.0232929, 0.0237523
1.55633,0.0182869, 1.57865, 0.0644497,0.12359,-0.0862326, 0.00511757, 0.0175076, 0.0172992, 0.00894114, 0.0231573, 0.0237222
1.55618,0.0182967, 1.57875, 0.0642644,0.123754,-0.0861011, 0.00506334, 0.0174821, 0.0171948, 0.00888782, 0.0230225, 0.023688
1.556,0.0183087, 1.57885, 0.0641061,0.123965,-0.0859569, 0.00501059, 0.0174532, 0.0170882, 0.00883905, 0.0228861, 0.0236483
1.55579,0.0182767, 1.57895, 0.0639877,0.124209,-0.0858182, 0.00495905, 0.0174191, 0.0169772, 0.00879361, 0.022745, 0.0236009
1.55553,0.0181707, 1.57904, 0.0639186,0.124509,-0.085719, 0.00490913, 0.0173784, 0.0168599, 0.00875065, 0.0225964, 0.0235438
1.55525,0.018084, 1.57911, 0.063859,0.124858,-0.085633, 0.00486117, 0.0173293, 0.0167347, 0.00870947, 0.022438, 0.0234745
1.55492,0.0180106, 1.57918, 0.0637948,0.125263,-0.0855345, 0.00481508, 0.0172696, 0.016601, 0.00866958, 0.0222686, 0.0233901
1.55452,0.01791, 1.57922, 0.0637475,0.125765,-0.0854848, 0.00477115, 0.0171982, 0.0164593, 0.00863063, 0.0220888, 0.0232891
1.55407,0.0178305, 1.57926, 0.0636894,0.126346,-0.0854329, 0.00472964, 0.0171151, 0.0163117, 0.00859252, 0.021901, 0.0231718
1.55355,0.0177596, 1.57932, 0.0636334,0.127021,-0.0853406, 0.00469044, 0.0170208, 0.0161605, 0.00855524, 0.021708, 0.0230392
1.553,0.0176604, 1.57936, 0.0636135,0.12773,-0.0852954, 0.00465355, 0.0169162, 0.0160072, 0.0085186, 0.0215118, 0.0228923
1.5524,0.0175727, 1.57939, 0.0635959,0.12851,-0.0852441, 0.0046191, 0.0168017, 0.0158532, 0.00848236, 0.0213142, 0.0227319
