0.99991, -7.44561e-05, -0.0117971, -0.00631085, 0, 0, 0
0.999882, -0.000413068, -0.0141239, -0.00610278, 0.00100193, -0.000856086, -1.67934e-05
0.999705, -0.00071138, -0.0237501, -0.00512265, -0.000259861, 0.00222191, 0.000219482
0.999232, -0.000482792, -0.0386928, -0.00608949, -0.00169941, 0.00249403, 0.00106242
0.998994, -0.000103374, -0.0436018, -0.010508, -0.00301985, 0.0036009, 0.00376094
0.999244, -0.00130099, -0.034548, -0.0177652, -0.00371844, 0.00158926, 0.00861876
0.99942, -0.00282247, -0.0269728, -0.0205735, -0.00487519, -0.00146203, 0.0155552
0.99958, -0.00389547, -0.0234084, -0.0166252, -0.00572481, -0.00184997, 0.0228222
0.999733, -0.00378347, -0.0211797, -0.00841904, -0.0068943, 0.000510851, 0.0314695
0.999801, -0.00297539, -0.0197346, -0.000111861, -0.0077645, -0.000131337, 0.0414466
0.999858, -0.00184166, -0.0158162, 0.00555353, -0.0101658, -0.00217286, 0.0539111
0.999906, -0.00134372, -0.0106146, 0.00851699, -0.0110064, -0.00261478, 0.0652632
0.999922, -0.000867842, -0.00780515, 0.00970084, -0.0129594, 0.00215333, 0.07648
0.999939, -0.000658113, -0.00560024, 0.00947534, -0.0147613, 0.000253512, 0.0894899
0.999951, 0.000582305, -0.00286279, 0.00949646, -0.0160225, 0.00110131, 0.101115
0.999951, 0.002842, -0.000458075, 0.00952041, -0.017131, 0.00230521, 0.112588
0.999942, 0.00598629, 0.00174599, 0.00875933, -0.017919, 0.00380203, 0.123876
0.999941, 0.00932193, 0.0014013, 0.0053988, -0.0208388, -0.000422373, 0.138472
0.999909, 0.0134146, 0.00020887, 0.0016742, -0.0220657, 0.00200845, 0.150932
0.999858, 0.0165567, 0.0013065, -0.00298059, -0.0239109, 0.00158857, 0.163834
0.999829, 0.0173786, 0.00112691, -0.00619506, -0.0247479, 0.00294667, 0.17518
0.999816, 0.0179499, 0.000700392, -0.00674524, -0.025643, 0.00243529, 0.185354
0.999825, 0.0175633, 0.00557655, -0.00325977, -0.0256722, 0.000939208, 0.192915
0.999826, 0.0153489, 0.0102717, 0.00265913, -0.0269516, -0.00259745, 0.200203
0.999804, 0.0133211, 0.0107611, 0.00992153, -0.0271961, -0.00332647, 0.204995
0.999724, 0.0125777, 0.0122603, 0.0155753, -0.0270094, -0.00535758, 0.207424
0.99964, 0.0130298, 0.0149973, 0.0180522, -0.0264602, -0.00822418, 0.209216
0.999627, 0.0132338, 0.0138648, 0.019458, -0.0258116, -0.00836135, 0.209394
0.999635, 0.0130992, 0.0124758, 0.0200724, -0.0257889, -0.0118394, 0.208979
0.999601, 0.0126331, 0.012502, 0.0219542, -0.0249812, -0.0145448, 0.208735
0.999509, 0.0115868, 0.0112615, 0.0268564, -0.024595, -0.0118909, 0.208956
0.999319, 0.0107121, 0.0117764, 0.0332802, -0.0255541, -0.0111335, 0.210175
0.99904, 0.00971113, 0.0115617, 0.0411137, -0.0257037, -0.014115, 0.211487
0.998558, 0.00894855, 0.0120321, 0.0515377, -0.0265061, -0.0113481, 0.213535
0.99779, 0.00857601, 0.0131253, 0.0645708, -0.0273402, -0.0101507, 0.215871
0.996583, 0.00826971, 0.0143358, 0.0809195, -0.0273693, -0.00865129, 0.218717
0.994886, 0.00840674, 0.0172795, 0.0991609, -0.0282459, -0.00880627, 0.221293
0.992747, 0.00874307, 0.0192325, 0.118355, -0.0286744, -0.0102896, 0.224015
0.990213, 0.00986293, 0.0218217, 0.137493, -0.0289975, -0.0116323, 0.2266
0.98733, 0.0113747, 0.0237397, 0.156482, -0.0293462, -0.0125067, 0.228932
0.984156, 0.0130279, 0.0260035, 0.174902, -0.0293496, -0.0141679, 0.232367
0.980563, 0.0156689, 0.0296255, 0.19332, -0.0293222, -0.0151291, 0.235591
0.976597, 0.0186536, 0.0326469, 0.211767, -0.0295304, -0.0193805, 0.240294
0.972251, 0.02249, 0.0357564, 0.230094, -0.0292853, -0.0188929, 0.24321
0.967515, 0.0279353, 0.0396403, 0.248119, -0.0295835, -0.0198526, 0.245703
0.962384, 0.0326253, 0.0413003, 0.266545, -0.0294986, -0.0200877, 0.247762
0.956765, 0.0356643, 0.0407035, 0.285784, -0.0296426, -0.0244542, 0.25021
0.95065, 0.0369645, 0.0401709, 0.305424, -0.0300838, -0.0271456, 0.251451
0.944736, 0.0374818, 0.0388545, 0.323355, -0.0300168, -0.0359603, 0.253288
0.938998, 0.0379977, 0.0376339, 0.33974, -0.0297033, -0.039092, 0.254041
0.93367, 0.038498, 0.0369365, 0.354138, -0.0300691, -0.0420633, 0.254622
0.927974, 0.0391655, 0.036333, 0.368795, -0.0325705, -0.0264, 0.25461
0.922943, 0.0393226, 0.0355827, 0.381266, -0.0324084, -0.0235264, 0.25532
0.917575, 0.0394355, 0.0348098, 0.394067, -0.0335556, -0.0114841, 0.256337
0.912584, 0.0396579, 0.0340179, 0.405537, -0.0333087, -0.01216, 0.256302
0.908157, 0.0396301, 0.0331951, 0.415425, -0.0321988, -0.0189677, 0.256293
0.904837, 0.0396, 0.0341439, 0.422535, -0.0295483, -0.0514619, 0.254439
0.901303, 0.0389378, 0.034539, 0.430051, -0.0290421, -0.0521922, 0.255242
0.899074, 0.0374979, 0.035114, 0.434773, -0.0267218, -0.0890143, 0.250812
0.895694, 0.0362593, 0.0362215, 0.441708, -0.0270368, -0.0699877, 0.254716
0.893248, 0.0349278, 0.0381359, 0.44658, -0.0268042, -0.075907, 0.252648
0.891263, 0.0337716, 0.040704, 0.450391, -0.0266235, -0.0844254, 0.250808
0.89026, 0.0324944, 0.0422417, 0.452323, -0.0251502, -0.0988953, 0.249907
0.890296, 0.0324065, 0.0436085, 0.452131, -0.0253428, -0.096307, 0.246022
0.891442, 0.0321685, 0.0436776, 0.449876, -0.0256555, -0.0806353, 0.249251
0.894294, 0.0322312, 0.043541, 0.444189, -0.0249461, -0.0787521, 0.251014
0.898596, 0.0332027, 0.0432843, 0.435373, -0.0244042, -0.0761544, 0.249071
0.904093, 0.0347208, 0.0425552, 0.423792, -0.0236223, -0.0758742, 0.248638
0.910897, 0.0362718, 0.0398646, 0.4091, -0.0249042, -0.059457, 0.239749
0.91963, 0.0388139, 0.0382077, 0.38899, -0.0242649, -0.0579256, 0.239244
0.929798, 0.0408478, 0.0362525, 0.363996, -0.0263236, -0.0542714, 0.223591
0.940817, 0.0426713, 0.0356953, 0.334318, -0.0268944, -0.0485583, 0.220872
0.951903, 0.044028, 0.0368583, 0.300971, -0.0267512, -0.047293, 0.217684
0.962362, 0.044783, 0.0371655, 0.265466, -0.0267426, -0.0432582, 0.212224
0.971884, 0.0445753, 0.0357788, 0.228418, -0.0271847, -0.0464495, 0.215358
0.980095, 0.0444293, 0.0341775, 0.190454, -0.0267985, -0.0465202, 0.216577
0.98684, 0.0442757, 0.031571, 0.152282, -0.0262453, -0.0457745, 0.220596
0.992112, 0.0440764, 0.0292985, 0.113635, -0.0257851, -0.0459178, 0.218996
0.995783, 0.0430726, 0.0279731, 0.0760182, -0.0255914, -0.0474435, 0.222579
0.997923, 0.0417493, 0.0298459, 0.0389335, -0.0240242, -0.0472426, 0.2251
0.998757, 0.0393525, 0.0304587, 0.00274294, -0.0228197, -0.0483685, 0.225694
0.998348, 0.036447, 0.0313616, -0.0314458, -0.0218016, -0.0495618, 0.228022
0.997015, 0.033382, 0.0307498, -0.0624554, -0.0204627, -0.0492084, 0.230051
0.994937, 0.0311642, 0.0297761, -0.090793, -0.0190087, -0.0484176, 0.234431
0.992286, 0.0291534, 0.0286017, -0.117053, -0.0180973, -0.0482928, 0.237096
0.989282, 0.0277447, 0.0259717, -0.140983, -0.0167866, -0.0483562, 0.239318
0.985812, 0.0262954, 0.0249925, -0.163883, -0.0152851, -0.0484543, 0.241224
0.981605, 0.0243024, 0.0268925, -0.187452, -0.0135831, -0.0490616, 0.244309
0.976797, 0.0211797, 0.0273984, -0.211349, -0.0117799, -0.0498198, 0.247303
0.971284, 0.0171471, 0.0271484, -0.235745, -0.0103411, -0.0502504, 0.250537
0.965087, 0.013023, 0.0277845, -0.260126, -0.00953527, -0.0496098, 0.253998
0.958176, 0.00844976, 0.0291875, -0.284562, -0.00932312, -0.0487211, 0.257799
0.950231, 0.00372108, 0.0298313, -0.310091, -0.00918243, -0.0482191, 0.261738
0.94106, -0.000922155, 0.0306814, -0.336845, -0.00834958, -0.0493766, 0.264976
0.930919, -0.00529637, 0.0306323, -0.3639, -0.00793477, -0.0493592, 0.268176
0.920533, -0.0103778, 0.0307315, -0.389316, -0.00762231, -0.049284, 0.270354
0.911149, -0.0156718, 0.0292562, -0.410737, -0.00709116, -0.0502771, 0.272074
0.904202, -0.0199629, 0.0253634, -0.425883, -0.00722976, -0.0488964, 0.273059
0.899354, -0.0246383, 0.0242703, -0.435852, -0.00744013, -0.0479724, 0.274138
0.896295, -0.0281799, 0.0241803, -0.441901, -0.00744409, -0.0450431, 0.276418
0.893457, -0.0297518, 0.024704, -0.447481, -0.00735083, -0.0423867, 0.278363
0.889894, -0.0302264, 0.025613, -0.454443, -0.00785464, -0.0402228, 0.280721
0.886039, -0.0309393, 0.0260109, -0.461845, -0.00800965, -0.041452, 0.281976
0.882836, -0.0317723, 0.0253485, -0.46792, -0.00829035, -0.0386712, 0.283533
0.881052, -0.032553, 0.0244501, -0.471264, -0.0083554, -0.0354346, 0.284341
0.881275, -0.033112, 0.0246792, -0.470796, -0.00816775, -0.0322446, 0.285477
0.884358, -0.0324963, 0.0256809, -0.464968, -0.00776862, -0.0274099, 0.284665
0.889977, -0.0301716, 0.0267976, -0.454217, -0.00748457, -0.0231449, 0.283822
0.897217, -0.0273979, 0.028509, -0.439817, -0.00672076, -0.0234854, 0.282201
0.906032, -0.0234891, 0.0297612, -0.421508, -0.00569896, -0.0215166, 0.279016
0.915643, -0.0199414, 0.0330712, -0.400134, -0.00498771, -0.0204903, 0.27845
0.925694, -0.0168755, 0.0374902, -0.376033, -0.0038291, -0.0217117, 0.277047
0.936208, -0.0132659, 0.0400588, -0.348903, -0.00307143, -0.0200037, 0.274016
0.946183, -0.00996174, 0.0417671, -0.320771, -0.00272678, -0.0194837, 0.272812
0.955219, -0.00795003, 0.0475609, -0.291945, -0.00219685, -0.0191443, 0.269621
0.963475, -0.0040669, 0.0489776, -0.26325, -0.00260868, -0.0188906, 0.268072
0.970681, -0.00134433, 0.050948, -0.234904, -0.00308628, -0.0182008, 0.266417
0.977148, 0.000743097, 0.0524843, -0.205976, -0.00359066, -0.0197108, 0.266065
0.983092, 0.0024261, 0.0507897, -0.175914, -0.00391401, -0.0213937, 0.264849
0.988004, 0.00342373, 0.0496016, -0.146205, -0.00406868, -0.0242419, 0.265569
0.991879, 0.00433673, 0.0486648, -0.117427, -0.00412308, -0.023809, 0.265977
0.994666, 0.00522463, 0.0484889, -0.0908857, -0.00385633, -0.0242423, 0.266443
0.996586, 0.00605913, 0.0484571, -0.0665694, -0.00367799, -0.0238334, 0.266887
0.998002, 0.00643632, 0.0456161, -0.0432382, -0.00352588, -0.0272301, 0.267659
0.998869, 0.00598302, 0.0423594, -0.0207596, -0.0035175, -0.0295911, 0.26737
0.999243, 0.00550103, 0.038514, 0.000442513, -0.00382544, -0.0312804, 0.26881
0.999214, 0.0044368, 0.0338702, 0.0201321, -0.0041025, -0.033419, 0.266503
0.998848, 0.00368458, 0.0310193, 0.036422, -0.00436026, -0.0351598, 0.266366
0.9984, 0.00377826, 0.0298771, 0.0478523, -0.00462733, -0.034686, 0.265241
0.998183, 0.0033434, 0.0260467, 0.0542377, -0.00416357, -0.0369491, 0.264819
0.998146, 0.00309982, 0.0230206, 0.0562665, -0.00347947, -0.0364052, 0.26355
0.998301, 0.00279953, 0.0209081, 0.0543216, -0.00298974, -0.0363288, 0.262917
0.998547, 0.00180489, 0.0189275, 0.0504126, -0.00258555, -0.03603, 0.261657
0.998704, 0.000207128, 0.0177995, 0.0476747, -0.00262005, -0.0359745, 0.260003
0.998714, -0.00129311, 0.0176129, 0.0475174, -0.00245367, -0.0374583, 0.260937
0.998479, -0.00268348, 0.0167201, 0.0524664, -0.00241848, -0.038419, 0.258659
0.997879, -0.00353884, 0.0169349, 0.0627491, -0.00198417, -0.0394234, 0.258387
0.996739, -0.00345879, 0.0181544, 0.078549, -0.00159192, -0.040904, 0.259606
0.994854, -0.002712, 0.0190238, 0.0994763, -0.000964569, -0.0434649, 0.260416
0.992032, -0.00164533, 0.0195003, 0.12446, -0.000755948, -0.0454108, 0.261082
0.98805, 2.99835e-05, 0.0212135, 0.152668, -0.000623594, -0.048136, 0.262177
0.983147, 0.00220038, 0.0230929, 0.181341, -0.000669896, -0.0510138, 0.262002
0.977444, 0.00544361, 0.0251347, 0.209621, -0.00103175, -0.0534548, 0.262972
0.971296, 0.00889472, 0.027057, 0.236165, -0.00195181, -0.0568482, 0.262618
0.965061, 0.0119131, 0.0284203, 0.260206, -0.0029068, -0.0618102, 0.263072
0.958848, 0.0149194, 0.030896, 0.28184, -0.00402207, -0.0648251, 0.264177
0.95246, 0.01688, 0.0321534, 0.30249, -0.00513502, -0.0663736, 0.263649
0.945757, 0.0177721, 0.0328353, 0.322722, -0.0065028, -0.0685633, 0.262062
0.938598, 0.0181355, 0.0337281, 0.342882, -0.00766726, -0.0657043, 0.260467
0.931163, 0.017264, 0.0345751, 0.362549, -0.00907873, -0.0657329, 0.259622
0.923615, 0.015392, 0.0334699, 0.381546, -0.010828, -0.0664339, 0.257855
0.916583, 0.0138383, 0.0329573, 0.398242, -0.0116972, -0.0685598, 0.256949
0.910768, 0.0136091, 0.0334578, 0.411335, -0.0126756, -0.0692285, 0.256236
0.90681, 0.0142207, 0.0336353, 0.419955, -0.0141886, -0.0692748, 0.255336
0.904669, 0.0151268, 0.0341763, 0.424473, -0.0151979, -0.0704201, 0.25593
0.903926, 0.0157689, 0.0346833, 0.425989, -0.01627, -0.0725239, 0.257956
0.904564, 0.0161527, 0.0354815, 0.424551, -0.0164298, -0.0720313, 0.257789
0.906921, 0.0172391, 0.0373378, 0.419288, -0.0175316, -0.0721877, 0.257896
0.911482, 0.0187197, 0.03844, 0.409112, -0.0183135, -0.0716981, 0.257006
0.918416, 0.0203137, 0.0377493, 0.393288, -0.0191111, -0.0714292, 0.256548
0.927031, 0.0224676, 0.0370109, 0.372478, -0.0190013, -0.0703673, 0.253566
0.936125, 0.0236896, 0.0346645, 0.349153, -0.0192578, -0.0667206, 0.250477
0.944668, 0.0258153, 0.0340054, 0.325239, -0.019089, -0.0652154, 0.247503
0.952607, 0.0266762, 0.0309759, 0.301444, -0.0190794, -0.0632397, 0.244398
0.960024, 0.0271987, 0.0289615, 0.277084, -0.0188743, -0.0625533, 0.243174
0.967693, 0.025801, 0.0257851, 0.249478, -0.0177016, -0.0637102, 0.243871
0.975568, 0.0253316, 0.026071, 0.216669, -0.0166965, -0.062702, 0.245958
0.982933, 0.0247954, 0.0283454, 0.180066, -0.0158234, -0.0610441, 0.247839
0.989311, 0.0230889, 0.0301152, 0.140795, -0.0151357, -0.0595954, 0.249512
0.99403, 0.021194, 0.0340195, 0.101478, -0.0147577, -0.057288, 0.253206
0.997315, 0.0183053, 0.0338563, 0.0622998, -0.0141538, -0.0567301, 0.256046
0.998972, 0.0158163, 0.03561, 0.0231482, -0.0136097, -0.0563601, 0.260663
0.999115, 0.0128166, 0.0373351, -0.0144997, -0.0131505, -0.0558131, 0.264349
0.998069, 0.00978767, 0.0373366, -0.0486708, -0.0126376, -0.0555325, 0.267382
0.99629, 0.0061877, 0.0346724, -0.0785213, -0.012393, -0.0541007, 0.268845
0.993927, 0.00236189, 0.0319885, -0.105264, -0.0123918, -0.0535219, 0.271686
0.990836, -0.00140896, 0.0300826, -0.131669, -0.0120794, -0.0536565, 0.274246
0.986919, -0.00641714, 0.0295978, -0.15835, -0.011729, -0.053086, 0.275568
0.981924, -0.0115245, 0.0289716, -0.186692, -0.0116681, -0.0526869, 0.277793
0.975897, -0.0166733, 0.0275235, -0.215844, -0.0122682, -0.0516786, 0.280446
0.968712, -0.0205649, 0.0266343, -0.245895, -0.0128874, -0.0504373, 0.282228
0.96041, -0.0234849, 0.0258881, -0.27639, -0.0137235, -0.049992, 0.285392
0.950788, -0.026275, 0.0253396, -0.307685, -0.0148188, -0.0494983, 0.288649
0.940238, -0.0300422, 0.0263726, -0.338164, -0.0161026, -0.0488914, 0.292629
0.928969, -0.0339374, 0.0274562, -0.367576, -0.016772, -0.0490383, 0.29701
0.917117, -0.0359677, 0.0267407, -0.39609, -0.0186314, -0.0469343, 0.302674
0.90475, -0.0368056, 0.0267866, -0.423504, -0.0199893, -0.0465166, 0.307037
0.893054, -0.0355283, 0.0248377, -0.447857, -0.0211662, -0.0474336, 0.311204
0.88246, -0.0336669, 0.0222393, -0.468654, -0.0221565, -0.0478967, 0.313928
0.87318, -0.0323605, 0.0190606, -0.485948, -0.0232463, -0.0490062, 0.317103
0.865439, -0.0325006, 0.0163731, -0.49969, -0.0236054, -0.0495241, 0.319019
-0.859303, 0.0330468, -0.0127992, 0.510238, -0.0250963, -0.0487333, 0.32169
-0.854365, 0.033094, -0.00844786, 0.518549, -0.0256254, -0.0483842, 0.32222
-0.850364, 0.0332214, -0.00606231, 0.52511, -0.0257186, -0.0488798, 0.322488
-0.848054, 0.0330816, -0.00572299, 0.528845, -0.0255576, -0.0491738, 0.321853
-0.848245, 0.0334356, -0.00695195, 0.528501, -0.0259553, -0.0483401, 0.32223
-0.852387, 0.0332971, -0.0089414, 0.521774, -0.0260691, -0.047365, 0.322534
-0.860885, 0.031677, -0.00976159, 0.507718, -0.025514, -0.0455732, 0.322143
0.872544, -0.029896, 0.0114462, -0.487485, -0.0244617, -0.0437618, 0.320968
0.885571, -0.0275074, 0.0135523, -0.463491, -0.0228278, -0.0430717, 0.318425
0.898634, -0.025688, 0.0165915, -0.437632, -0.0215934, -0.0402201, 0.316413
0.911338, -0.0241191, 0.0210503, -0.410412, -0.0209973, -0.0380683, 0.313055
0.923623, -0.0216788, 0.0221338, -0.382048, -0.0206072, -0.0365051, 0.309298
0.935401, -0.0209289, 0.026022, -0.352008, -0.0203226, -0.0354443, 0.305364
0.946863, -0.0198842, 0.0272761, -0.319861, -0.0199533, -0.0346527, 0.301261
0.957751, -0.0187843, 0.0268168, -0.28573, -0.019464, -0.0333956, 0.297734
0.9674, -0.0182707, 0.0285305, -0.250976, -0.0189635, -0.0337446, 0.293176
0.976062, -0.0172997, 0.0255053, -0.215298, -0.0188178, -0.0319419, 0.288884
0.983344, -0.0173342, 0.0238813, -0.179345, -0.0186823, -0.0323577, 0.284064
0.98937, -0.0183928, 0.0214457, -0.142652, -0.0184246, -0.0340318, 0.280168
0.993877, -0.0197847, 0.0202785, -0.106796, -0.0178831, -0.0356808, 0.275834
0.996706, -0.0201854, 0.0219112, -0.0754323, -0.0168361, -0.037693, 0.270311
0.998187, -0.0207336, 0.0247502, -0.0508038, -0.0150341, -0.0392311, 0.266355
0.998958, -0.0210059, 0.021875, -0.0340947, -0.0128835, -0.0414322, 0.263406
0.999238, -0.0222148, 0.0188918, -0.0259391, -0.0109046, -0.0426272, 0.260635
0.999286, -0.0238578, 0.0160079, -0.0245508, -0.00902909, -0.0431838, 0.259361
0.999159, -0.0259725, 0.0157586, -0.0275301, -0.00746465, -0.0455378, 0.258305
0.998953, -0.0292952, 0.0155352, -0.031524, -0.00630872, -0.0458375, 0.258881
0.998676, -0.0353796, 0.0161107, -0.0337018, -0.0055758, -0.0455994, 0.260008
0.998334, -0.0448054, 0.015859, -0.0327169, -0.00479565, -0.0463817, 0.26117
0.997815, -0.0575808, 0.0140672, -0.029185, -0.00412231, -0.0461822, 0.262561
0.996948, -0.0730913, 0.0124335, -0.0244454, -0.00352082, -0.0444854, 0.263005
0.99563, -0.0903302, 0.0123961, -0.0202027, -0.0031656, -0.0438385, 0.263583
0.993793, -0.108806, 0.0150866, -0.0175564, -0.00311304, -0.0420698, 0.264139
0.991421, -0.128462, 0.0166025, -0.0175104, -0.00307672, -0.0398124, 0.263758
0.988585, -0.148282, 0.0185116, -0.0192188, -0.00312746, -0.0371999, 0.263919
0.985435, -0.167449, 0.0209511, -0.0209569, -0.00269584, -0.0346958, 0.264375
0.982212, -0.185346, 0.0204625, -0.0220797, -0.00259267, -0.0323613, 0.264604
0.978661, -0.203236, 0.0207391, -0.0221054, -0.00247414, -0.0304121, 0.264857
0.974869, -0.220805, 0.0215617, -0.020242, -0.00187659, -0.0284286, 0.264344
0.970854, -0.237882, 0.0237367, -0.0170846, -0.00138804, -0.0267039, 0.263825
0.966604, -0.254482, 0.0268958, -0.0138417, -0.000829028, -0.0249663, 0.26263
0.962398, -0.269458, 0.032584, -0.011004, -0.000327995, -0.023414, 0.261216
0.958366, -0.282831, 0.0380483, -0.00966177, 0.000268298, -0.0219777, 0.259824
0.954923, -0.294004, 0.0397002, -0.0104211, 0.000569563, -0.0203441, 0.259022
0.952173, -0.302595, 0.0406298, -0.0123598, 0.000241984, -0.0193798, 0.257983
0.950345, -0.307936, 0.0422843, -0.015212, 0.000231303, -0.018169, 0.257384
0.949438, -0.310681, 0.0409469, -0.019194, 0.000293896, -0.0176599, 0.256051
0.949054, -0.311836, 0.0392876, -0.0226282, 0.000221654, -0.0175258, 0.25429
0.948773, -0.312796, 0.0371235, -0.0247102, 0.000478152, -0.0177137, 0.252783
0.948512, -0.313821, 0.0347133, -0.0252308, 0.00047541, -0.0176475, 0.252278
0.948239, -0.314786, 0.0341489, -0.0242316, 0.000539866, -0.0177532, 0.251962
0.948212, -0.314993, 0.0337188, -0.0231524, 0.000372717, -0.0176425, 0.252388
0.948462, -0.314247, 0.0343237, -0.022129, 0.00047798, -0.0187479, 0.252158
0.948926, -0.312871, 0.0347366, -0.021069, 0.000483537, -0.0205139, 0.25243
0.949562, -0.310922, 0.0354294, -0.0200915, 0.00034858, -0.0206927, 0.252969
0.950586, -0.307735, 0.0361787, -0.0193896, 0.000136538, -0.0206008, 0.253485
0.952456, -0.30185, 0.036882, -0.0188269, -0.000326444, -0.020338, 0.253503
0.955469, -0.292042, 0.0382211, -0.0181614, -0.000866409, -0.0194898, 0.254072
0.959311, -0.279148, 0.0386054, -0.0175448, -0.00171512, -0.0196506, 0.254355
0.963831, -0.263461, 0.0363759, -0.0172034, -0.00287256, -0.0205568, 0.254844
0.968562, -0.245862, 0.0336887, -0.0174567, -0.00388279, -0.0218386, 0.255966
0.973171, -0.22696, 0.0329979, -0.0183913, -0.00487508, -0.0223222, 0.25833
0.977309, -0.207966, 0.0349587, -0.0198705, -0.00645703, -0.0266888, 0.260852
0.981267, -0.187778, 0.0370996, -0.021883, -0.00757316, -0.0271718, 0.263059
0.984882, -0.167166, 0.0383303, -0.0243572, -0.00868073, -0.0297925, 0.265671
0.988145, -0.145856, 0.0394794, -0.0271371, -0.00936857, -0.0319485, 0.267372
0.990855, -0.125224, 0.0403882, -0.0299015, -0.00963781, -0.0355161, 0.269203
0.99314, -0.105308, 0.0396579, -0.0317932, -0.00883933, -0.0382346, 0.272011
0.99489, -0.0869964, 0.0394284, -0.0327103, -0.00794287, -0.0378116, 0.272326
0.996395, -0.0685576, 0.0371317, -0.0334251, -0.00765391, -0.0370263, 0.271027
0.99759, -0.0500638, 0.0338247, -0.0341239, -0.0073311, -0.037619, 0.269967
0.998408, -0.0315244, 0.0313165, -0.0347418, -0.00718611, -0.0399215, 0.268495
0.998852, -0.0134651, 0.0292267, -0.0354897, -0.00696857, -0.0403357, 0.266685
0.998937, 0.00400804, 0.0286098, -0.0359081, -0.006885, -0.0408287, 0.265705
0.99872, 0.0202751, 0.0289983, -0.036152, -0.00739045, -0.0425067, 0.263582
0.998262, 0.0371298, 0.0283367, -0.0359286, -0.00794922, -0.0427658, 0.262108
0.997617, 0.0534845, 0.0266243, -0.0345174, -0.00806465, -0.0463963, 0.261614
0.996698, 0.0701253, 0.0243777, -0.0328944, -0.00857169, -0.0476396, 0.260603
0.995344, 0.0874466, 0.0237749, -0.0328206, -0.00845424, -0.0509803, 0.260311
0.993647, 0.104797, 0.0226805, -0.0341782, -0.0086052, -0.0547676, 0.260404
0.991616, 0.121756, 0.0216445, -0.0374923, -0.0091251, -0.0580665, 0.260096
0.989427, 0.137691, 0.0207594, -0.0405392, -0.00961639, -0.0617312, 0.260522
0.987127, 0.152596, 0.0214155, -0.0428544, -0.0105955, -0.0638888, 0.260222
0.984726, 0.166906, 0.0231427, -0.0438325, -0.0113998, -0.066658, 0.260577
0.982491, 0.179426, 0.0249031, -0.0435538, -0.0125406, -0.0692619, 0.260196
0.980558, 0.190277, 0.0239112, -0.0415853, -0.0138226, -0.0710575, 0.259371
0.978904, 0.199271, 0.0230608, -0.0388201, -0.0150215, -0.0731605, 0.258668
0.977319, 0.207491, 0.0219905, -0.0362097, -0.0162226, -0.0755468, 0.258191
0.975809, 0.215017, 0.0207358, -0.0336843, -0.017362, -0.076413, 0.257602
0.974328, 0.222186, 0.0193729, -0.0307208, -0.0184571, -0.0765691, 0.256472
0.973037, 0.228168, 0.0185546, -0.0281847, -0.0195885, -0.0765711, 0.25538
0.971681, 0.234065, 0.018392, -0.0266679, -0.0209325, -0.0761957, 0.254214
0.970459, 0.239257, 0.0174189, -0.0257183, -0.0220326, -0.0753708, 0.25405
0.96954, 0.243083, 0.0160786, -0.0253869, -0.0233054, -0.0742954, 0.25295
0.969007, 0.24531, 0.0150627, -0.0249177, -0.0244749, -0.0724259, 0.252164
0.968907, 0.245811, 0.0144691, -0.024229, -0.0253734, -0.0716948, 0.252162
0.969017, 0.245366, 0.0150593, -0.0239622, -0.0263827, -0.0719468, 0.251845
0.969294, 0.244199, 0.0160263, -0.0240755, -0.0272407, -0.0714005, 0.252399
0.969848, 0.241892, 0.0171836, -0.0242448, -0.0281982, -0.0717228, 0.252634
0.97094, 0.237459, 0.017794, -0.0239064, -0.0292601, -0.0703541, 0.253266
0.972637, 0.230454, 0.0179234, -0.0233705, -0.0303493, -0.0707583, 0.253047
0.975101, 0.219843, 0.0178132, -0.0230118, -0.0313304, -0.0722756, 0.253222
0.978012, 0.206417, 0.0190297, -0.0228675, -0.0323336, -0.0735985, 0.253662
0.981248, 0.190555, 0.0187534, -0.02214, -0.0334863, -0.0720494, 0.253972
0.984417, 0.173569, 0.0182909, -0.0214927, -0.0343657, -0.0723925, 0.253693
0.98743, 0.155539, 0.0188815, -0.0208046, -0.0352626, -0.0719312, 0.25403
0.99021, 0.136743, 0.0196308, -0.0199977, -0.0359819, -0.070894, 0.254144
0.99295, 0.115639, 0.0184248, -0.0183864, -0.0366436, -0.0700722, 0.254664
0.995334, 0.0931791, 0.0181783, -0.0172534, -0.037353, -0.0696388, 0.255625
0.997347, 0.0684202, 0.0184868, -0.0166305, -0.0377937, -0.0692273, 0.25578
0.99874, 0.0423913, 0.020948, -0.0168153, -0.0382331, -0.0681486, 0.256362
0.999476, 0.014986, 0.0233083, -0.0167087, -0.0390629, -0.0660691, 0.257532
0.999415, -0.0120673, 0.0272465, -0.0167574, -0.0391981, -0.0637779, 0.25761
0.998701, -0.0383298, 0.0289509, -0.0169967, -0.0391187, -0.0616309, 0.258007
0.997383, -0.0632711, 0.0295546, -0.0187181, -0.039, -0.0590092, 0.258706
0.99554, -0.0875074, 0.0285083, -0.0207475, -0.038667, -0.0579838, 0.259275
0.993211, -0.110253, 0.028566, -0.0236756, -0.0384077, -0.0553679, 0.259784
0.990401, -0.13214, 0.0312154, -0.0258832, -0.0375986, -0.0541466, 0.259831
0.9872, -0.153559, 0.0335546, -0.0270082, -0.0376114, -0.0528771, 0.26065
0.983612, -0.174657, 0.0359552, -0.0266261, -0.0371109, -0.0519695, 0.260297
0.979676, -0.195153, 0.0391112, -0.0249212, -0.03671, -0.0509655, 0.259881
0.975518, -0.214488, 0.0432163, -0.0221778, -0.0359976, -0.0470209, 0.258449
0.971445, -0.23208, 0.0453603, -0.0193997, -0.0348102, -0.0437123, 0.256518
0.967736, -0.246882, 0.0468445, -0.018507, -0.03403, -0.0399667, 0.255043
0.964248, -0.259571, 0.0501895, -0.0181825, -0.0330065, -0.0366012, 0.253502
0.961059, -0.270616, 0.053003, -0.0179749, -0.0320307, -0.0321776, 0.251821
0.958169, -0.280468, 0.054286, -0.0173917, -0.031454, -0.0287913, 0.250844
0.955473, -0.289581, 0.0541568, -0.0167432, -0.0307171, -0.0253306, 0.249407
0.952884, -0.298178, 0.0533081, -0.0161488, -0.0302199, -0.0223299, 0.248552
0.95045, -0.305832, 0.0534749, -0.0158481, -0.0298139, -0.0191738, 0.247825
0.948549, -0.311505, 0.0546669, -0.0152142, -0.0294895, -0.016778, 0.247386
0.946929, -0.316437, 0.0545911, -0.0146101, -0.0292686, -0.0145409, 0.246746
0.945576, -0.320511, 0.0544592, -0.0138978, -0.0293174, -0.0135135, 0.246589
0.944292, -0.324362, 0.0540965, -0.0132694, -0.0297684, -0.0123585, 0.247174
0.943119, -0.327796, 0.0539665, -0.0127845, -0.0301665, -0.0120736, 0.247674
0.942108, -0.330733, 0.0537109, -0.0128189, -0.0308397, -0.0117536, 0.248828
0.941234, -0.333249, 0.0533355, -0.0133589, -0.031715, -0.012127, 0.250156
0.940513, -0.335224, 0.0535401, -0.0139286, -0.0327097, -0.0127767, 0.252849
0.939816, -0.337157, 0.0534302, -0.0147135, -0.0331256, -0.0115858, 0.253232
0.939391, -0.338079, 0.0549202, -0.0152161, -0.0333549, -0.0103648, 0.253581
0.939641, -0.337206, 0.0557341, -0.0161642, -0.0343607, -0.00996327, 0.255941
0.940931, -0.33348, 0.056124, -0.0170298, -0.0349105, -0.0101399, 0.257144
0.943349, -0.326452, 0.056718, -0.0174844, -0.0350907, -0.011361, 0.258269
0.94671, -0.316649, 0.0561516, -0.0178903, -0.034989, -0.0119893, 0.258138
0.950625, -0.304594, 0.0566876, -0.017922, -0.0352281, -0.0122778, 0.258206
0.954891, -0.290813, 0.0574462, -0.0176272, -0.0355784, -0.0125767, 0.257667
0.959657, -0.274885, 0.0563831, -0.0178079, -0.0359518, -0.0137361, 0.257407
0.964493, -0.256827, 0.0591385, -0.0171863, -0.0364209, -0.0133616, 0.257889
0.96954, -0.236971, 0.0596123, -0.016845, -0.0367622, -0.0156492, 0.259663
0.974379, -0.215865, 0.0611265, -0.0158484, -0.0368384, -0.0188258, 0.260991
0.979012, -0.194256, 0.0598931, -0.014604, -0.0368043, -0.0216423, 0.263325
0.983108, -0.172525, 0.0598314, -0.0124208, -0.0368152, -0.023778, 0.264886
0.986768, -0.150435, 0.059714, -0.00957894, -0.0364431, -0.0258201, 0.266925
0.989972, -0.128717, 0.0577635, -0.00711705, -0.0356727, -0.0298472, 0.268755
0.992519, -0.107905, 0.0568349, -0.00561667, -0.0346503, -0.0340299, 0.269846
0.994674, -0.0872272, 0.054635, -0.00551273, -0.0337123, -0.0366163, 0.270355
0.996289, -0.0676637, 0.0527384, -0.00694137, -0.0323905, -0.0403016, 0.270911
0.997411, -0.0512675, 0.0496823, -0.00868911, -0.0312774, -0.0421653, 0.270499
0.99806, -0.0382676, 0.0480123, -0.0103713, -0.0303767, -0.0443851, 0.269588
0.998406, -0.0281517, 0.0474741, -0.0117614, -0.0296351, -0.0460964, 0.268614
0.998639, -0.0205765, 0.0464319, -0.0118856, -0.0294912, -0.0474509, 0.266989
0.998791, -0.0141271, 0.0456389, -0.0116041, -0.0295698, -0.0470565, 0.266073
0.998894, -0.00876934, 0.0445395, -0.0122276, -0.0298366, -0.0478247, 0.263682
0.998962, -0.00453573, 0.0434133, -0.0130362, -0.0302393, -0.047659, 0.261588
0.999054, -0.00204173, 0.0414003, -0.0131381, -0.0301782, -0.0490645, 0.26059
0.999121, 0.000109844, 0.0396184, -0.0136986, -0.0303553, -0.0489457, 0.258432
0.999142, 0.00230781, 0.0386814, -0.0146294, -0.0306269, -0.0478809, 0.25634
0.999208, 0.00390075, 0.0365221, -0.0153262, -0.0309426, -0.0475602, 0.253873
0.999278, 0.00499107, 0.0342404, -0.015665, -0.0309469, -0.0468266, 0.25219
0.99939, 0.00581232, 0.0305934, -0.0158164, -0.0306469, -0.0466281, 0.250913
0.999559, 0.00698285, 0.0242996, -0.0155691, -0.0302614, -0.0464682, 0.250527
0.999719, 0.0083709, 0.01587, -0.0154664, -0.0296035, -0.0463673, 0.250018
0.999819, 0.0093002, 0.00661369, -0.0152225, -0.028642, -0.0466988, 0.25049
0.999851, 0.00962699, -0.00130321, -0.0142828, -0.027739, -0.0461217, 0.251155
0.999845, 0.00876654, -0.00834487, -0.0127485, -0.0268454, -0.0459159, 0.25151
0.999763, 0.00704556, -0.0176286, -0.0106255, -0.026234, -0.0448501, 0.250836
0.99957, 0.00542005, -0.0274607, -0.00871999, -0.026222, -0.0435253, 0.249083
0.999234, 0.00389634, -0.0382943, -0.00704607, -0.0264825, -0.0419219, 0.246828
0.998609, 0.00275797, -0.0523247, -0.00594793, -0.0265439, -0.0425471, 0.24259
0.997715, 0.00224441, -0.067317, -0.0053378, -0.0265508, -0.0428256, 0.237838
0.99647, 0.00220684, -0.0837966, -0.004642, -0.0264443, -0.0425007, 0.232978
0.995048, 0.00233749, -0.0992708, -0.00447557, -0.026198, -0.0417548, 0.226584
0.993591, 0.00191788, -0.112918, -0.00486024, -0.0262908, -0.0397777, 0.221014
0.992448, 0.00161649, -0.122528, -0.00550599, -0.0264755, -0.0384623, 0.215931
0.991564, 0.00133984, -0.129485, -0.0057884, -0.0268208, -0.0366991, 0.210816
0.990619, 0.00122086, -0.136554, -0.00512907, -0.0270704, -0.0358742, 0.206605
0.989778, 0.00172825, -0.142539, -0.00430355, -0.0271768, -0.0343333, 0.202453
0.988667, 0.00268425, -0.150064, -0.00323321, -0.0273397, -0.0332964, 0.199534
0.987506, 0.00379463, -0.157526, -0.00203294, -0.0278015, -0.031014, 0.197154
0.986586, 0.00447835, -0.163177, -0.00106219, -0.0279572, -0.0294096, 0.193546
0.985588, 0.00484869, -0.169094, -3.45009e-05, -0.0284691, -0.0266089, 0.191378
0.985065, 0.00473866, -0.172117, 0.000668045, -0.0287339, -0.0253834, 0.189249
0.984548, 0.00412428, -0.175057, 0.00160109, -0.0287306, -0.0251847, 0.185664
0.984201, 0.00320114, -0.177006, 0.00249747, -0.0287936, -0.0247992, 0.182688
0.984118, 0.00280522, -0.17747, 0.00272347, -0.0288958, -0.0247912, 0.180346
0.983933, 0.00273224, -0.178498, 0.00268746, -0.0291691, -0.0240268, 0.178823
0.984157, 0.00284463, -0.177262, 0.00236492, -0.029379, -0.0244829, 0.178426
0.984271, 0.00262522, -0.176631, 0.00227326, -0.0296128, -0.0253516, 0.178336
0.984783, 0.00239632, -0.173757, 0.00210557, -0.0298345, -0.0261837, 0.177777
0.985361, 0.00219967, -0.170455, 0.00185306, -0.0303725, -0.0264012, 0.178099
0.98613, 0.00205404, -0.165956, 0.0015528, -0.0309256, -0.0256675, 0.178702
0.987458, 0.00170861, -0.15787, 0.000807787, -0.0314209, -0.0252944, 0.179906
0.988882, 0.00107519, -0.148698, 0.000592315, -0.0319023, -0.0255927, 0.180942
0.99064, 0.000633931, -0.136497, 0.000409307, -0.0324928, -0.024949, 0.182328
0.992539, 0.000489063, -0.121923, 0.00029925, -0.0329944, -0.0253389, 0.18336
0.994319, 0.00056913, -0.106436, -0.000818099, -0.0335216, -0.0258055, 0.185171
0.995922, 0.000473339, -0.090176, -0.00270585, -0.0340892, -0.0260043, 0.187359
0.997418, 0.000183097, -0.0716072, -0.00544878, -0.0345161, -0.0269542, 0.190401
0.998615, -0.000714174, -0.0519872, -0.00807204, -0.0350172, -0.0271001, 0.193601
0.999453, -0.00218197, -0.0315648, -0.00962951, -0.0357128, -0.0275481, 0.196203
0.999864, -0.00365965, -0.0126369, -0.00998561, -0.0367684, -0.0277834, 0.200038
0.999949, -0.0046345, 0.00224149, -0.00872841, -0.037783, -0.0283714, 0.203689
0.999875, -0.0055561, 0.0135233, -0.00605606, -0.0384884, -0.0289694, 0.206814
0.99967, -0.00548527, 0.0248555, -0.00341898, -0.0389537, -0.0304274, 0.209645
0.999318, -0.00470765, 0.0365763, -0.00167548, -0.0392778, -0.0304963, 0.212008
0.998916, -0.00368233, 0.0463886, -0.000874608, -0.0393705, -0.0301209, 0.2141
0.998453, -0.00299128, 0.0555168, -0.000996824, -0.039522, -0.0298423, 0.215608
0.997913, -0.00261944, 0.064504, -0.00127547, -0.0398957, -0.0296243, 0.215459
0.997203, -0.00257415, 0.0746753, -0.00147424, -0.0401548, -0.02975, 0.215999
0.996423, -0.00272757, 0.0844456, -0.0017764, -0.0407944, -0.0311545, 0.217247
0.995653, -0.00330014, 0.0930725, -0.00155598, -0.0413515, -0.0305922, 0.218678
0.995008, -0.00397079, 0.0997153, -0.000914955, -0.0418988, -0.0297841, 0.218502
0.99435, -0.00413288, 0.106066, -0.000240432, -0.0424721, -0.0305297, 0.219341
0.993776, -0.00426516, 0.111316, 0.000827133, -0.0428794, -0.0305359, 0.219845
0.993057, -0.00420425, 0.11754, 0.00191846, -0.0432395, -0.0308491, 0.221274
0.992328, -0.00431294, 0.123521, 0.00302111, -0.0437515, -0.0311281, 0.222156
0.991637, -0.00451276, 0.128927, 0.0036159, -0.0442529, -0.0301991, 0.222448
0.990901, -0.00491284, 0.134455, 0.00365944, -0.0448277, -0.0299221, 0.223353
0.990455, -0.0056458, 0.137676, 0.0035133, -0.0454946, -0.0299475, 0.224419
0.989734, -0.00619573, 0.142747, 0.0033193, -0.046135, -0.0290243, 0.22481
0.989279, -0.00656449, 0.145852, 0.00331732, -0.0467838, -0.0289283, 0.225918
0.989328, -0.00701848, 0.145485, 0.00380904, -0.0471765, -0.0296549, 0.226572
0.989309, -0.00740366, 0.145579, 0.00441277, -0.0473042, -0.0300706, 0.227168
0.989281, -0.0074093, 0.145759, 0.00472178, -0.0471633, -0.0298012, 0.227238
0.989326, -0.00744973, 0.145451, 0.00474272, -0.0470956, -0.0299265, 0.227174
0.989423, -0.00765575, 0.144777, 0.00472044, -0.046924, -0.0312277, 0.226639
0.989543, -0.00777842, 0.143955, 0.00455282, -0.0468653, -0.0321243, 0.226105
0.989761, -0.00801717, 0.14245, 0.00418389, -0.0468017, -0.031469, 0.225322
0.990376, -0.00836995, 0.1381, 0.00383949, -0.046661, -0.0322412, 0.225202
0.991408, -0.00894644, 0.130451, 0.00363537, -0.0465393, -0.0321414, 0.225
0.992773, -0.00984152, 0.119544, 0.00374457, -0.0462799, -0.0318542, 0.224383
0.994355, -0.0106969, 0.105496, 0.00386551, -0.0459197, -0.0320641, 0.223115
0.995522, -0.0110798, 0.0938154, 0.00358507, -0.0455503, -0.0316555, 0.221239
0.996874, -0.0121215, 0.0779464, 0.00443083, -0.0453178, -0.0324702, 0.219807
0.997972, -0.0128122, 0.0621447, 0.00503196, -0.0447336, -0.0328133, 0.217039
0.998761, -0.0133466, 0.0475872, 0.00586129, -0.0442187, -0.0322781, 0.214776
0.999313, -0.0130945, 0.0343698, 0.00464577, -0.0439904, -0.0329489, 0.213254
0.999646, -0.0129567, 0.0229491, 0.00352015, -0.0434332, -0.0333042, 0.210813
0.999879, -0.0128819, 0.00837805, 0.00236977, -0.0433563, -0.0335679, 0.209449
0.999917, -0.0125259, -0.00280783, 0.00118603, -0.042776, -0.033826, 0.207491
0.999798, -0.012606, -0.0156572, 3.4739e-06, -0.0424669, -0.0336274, 0.207059
0.999446, -0.0123527, -0.0308908, -0.00118638, -0.0420983, -0.0331523, 0.206097
0.998771, -0.012393, -0.0479465, -0.00216523, -0.0421195, -0.0323013, 0.204584
0.997787, -0.0119975, -0.0653144, -0.00346114, -0.0421239, -0.0331987, 0.202004
0.996426, -0.0112916, -0.0835001, -0.00595918, -0.0426396, -0.0319187, 0.198336
0.994987, -0.0107569, -0.0990185, -0.00897581, -0.0435147, -0.0306919, 0.194556
0.993362, -0.0105271, -0.113909, -0.0121155, -0.0443495, -0.0292466, 0.190259
0.991774, -0.0104144, -0.126708, -0.0148591, -0.0450205, -0.0280209, 0.185461
0.990209, -0.0102241, -0.138209, -0.0167249, -0.0459192, -0.0262682, 0.181261
0.988493, -0.0100062, -0.149918, -0.017502, -0.0467237, -0.0270841, 0.177557
0.986772, -0.00991905, -0.160863, -0.017481, -0.0475164, -0.0269563, 0.174013
0.984799, -0.00947151, -0.172581, -0.0172513, -0.0481962, -0.0275188, 0.170899
0.983181, -0.00878382, -0.181648, -0.0167751, -0.0487607, -0.026064, 0.167989
0.982076, -0.00827492, -0.187581, -0.0164729, -0.0495832, -0.025315, 0.166118
0.981506, -0.00783814, -0.190565, -0.0164212, -0.0496287, -0.0246042, 0.163898
0.981353, -0.00775413, -0.19137, -0.0162284, -0.0497527, -0.0238201, 0.162905
0.981328, -0.0078177, -0.19155, -0.0155982, -0.0498026, -0.0237629, 0.162702
0.981733, -0.00779919, -0.189512, -0.0149618, -0.0494645, -0.0226063, 0.162515
0.982256, -0.00730319, -0.186822, -0.0147405, -0.0490719, -0.0234983, 0.162835
0.982715, -0.00696994, -0.184393, -0.0149079, -0.0486893, -0.0225819, 0.163638
0.983344, -0.00661238, -0.181015, -0.0149652, -0.0485313, -0.0231593, 0.164622
0.983935, -0.00685713, -0.177804, -0.0145002, -0.0487242, -0.0231446, 0.166373
0.984751, -0.00708529, -0.173278, -0.013809, -0.0486971, -0.02326, 0.167713
0.98562, -0.00707937, -0.168316, -0.0131447, -0.0485154, -0.0230225, 0.168257
0.986578, -0.00700785, -0.162625, -0.0129228, -0.0482619, -0.0235704, 0.168752
0.988186, -0.00688839, -0.152513, -0.0134671, -0.0483241, -0.0223383, 0.170122
0.989957, -0.00679617, -0.140451, -0.0145451, -0.0483627, -0.0222799, 0.17159
0.991859, -0.00643999, -0.126218, -0.0156214, -0.0484438, -0.0220314, 0.173629
0.993489, -0.00622618, -0.112623, -0.0160264, -0.0482792, -0.0227542, 0.175053
0.99506, -0.00618165, -0.0977502, -0.0161753, -0.048314, -0.0229318, 0.178022
0.996593, -0.00581134, -0.0806469, -0.0162977, -0.0481497, -0.0229937, 0.180579
0.997868, -0.00514876, -0.0626501, -0.0175566, -0.0478578, -0.0237761, 0.183981
0.998848, -0.00441544, -0.0434838, -0.0197917, -0.0478252, -0.0239763, 0.189764
0.999511, -0.00339721, -0.020935, -0.0229848, -0.0476167, -0.0245365, 0.196071
0.999643, -0.00209055, 0.00130806, -0.0265891, -0.0474874, -0.0255874, 0.202671
0.999281, -0.00118574, 0.0225136, -0.0304734, -0.0473879, -0.0253428, 0.209783
0.998342, -0.000421993, 0.0460512, -0.0345435, -0.0475955, -0.0250654, 0.216601
0.996948, -0.00023952, 0.0681044, -0.0381636, -0.0478092, -0.0240432, 0.223206
0.995088, -0.000448259, 0.0904148, -0.0402979, -0.0479459, -0.0243944, 0.227842
0.993268, -0.00101878, 0.108688, -0.0400492, -0.0482147, -0.0235346, 0.231318
0.991731, -0.00157355, 0.122673, -0.0376748, -0.0486778, -0.0237652, 0.234228
0.990198, -0.00166856, 0.135422, -0.0341469, -0.0493496, -0.0237631, 0.23628
0.988429, -0.00178693, 0.148416, -0.031256, -0.0502552, -0.023835, 0.238328
0.986394, -0.00155737, 0.161693, -0.0296552, -0.0510622, -0.0229435, 0.240489
0.985065, -0.00146758, 0.169809, -0.0284515, -0.0517649, -0.0230322, 0.243494
0.983909, -0.00174356, 0.176585, -0.0271501, -0.0526473, -0.0225638, 0.244779
0.983033, -0.00176199, 0.181623, -0.0255997, -0.0532539, -0.0232036, 0.245554
0.982177, -0.00175832, 0.186418, -0.0239363, -0.0537739, -0.022945, 0.246447
0.981676, -0.00126959, 0.189238, -0.0223754, -0.0543582, -0.0236936, 0.247377
0.981664, -0.000886903, 0.189481, -0.0208011, -0.0548296, -0.0238476, 0.24755
0.981585, -0.000541317, 0.189998, -0.0197685, -0.05514, -0.023631, 0.247503
0.981667, -0.000278315, 0.189626, -0.0192912, -0.0553119, -0.023666, 0.247293
0.982097, -0.000187936, 0.187414, -0.0190287, -0.0554615, -0.0232421, 0.246607
0.982769, -0.000224007, 0.183904, -0.0185783, -0.0555725, -0.0235065, 0.245464
0.983448, -4.58906e-06, 0.180279, -0.0181675, -0.0556613, -0.0228161, 0.244439
0.984372, 0.000305709, 0.175181, -0.0179684, -0.0556155, -0.0222357, 0.242562
0.985226, 0.000709335, 0.170316, -0.0179611, -0.05551, -0.0217808, 0.240332
0.986253, 0.000653137, 0.164292, -0.0176677, -0.0553307, -0.0218562, 0.238177
0.987399, 0.000584764, 0.157314, -0.017163, -0.0552527, -0.0224834, 0.236242
0.98855, 0.000697036, 0.149961, -0.0167511, -0.0552329, -0.0223319, 0.233895
0.990185, 0.000198185, 0.138859, -0.0158932, -0.0553317, -0.0223748, 0.231764
0.99187, -0.000599738, 0.126389, -0.0147989, -0.0554883, -0.021592, 0.230168
0.993723, -0.00146503, 0.111001, -0.0138123, -0.0553081, -0.0218992, 0.227739
0.995186, -0.00191516, 0.0970717, -0.0133546, -0.0552651, -0.021268, 0.225742
0.996986, -0.00284126, 0.0763984, -0.0131633, -0.0552432, -0.0208092, 0.22253
0.998301, -0.00373334, 0.0566938, -0.0128998, -0.0552315, -0.0203458, 0.218971
0.999199, -0.00479366, 0.037651, -0.0126905, -0.0552137, -0.0211496, 0.215309
0.999622, -0.00548733, 0.0234889, -0.0131814, -0.0550991, -0.0216326, 0.211514
0.999842, -0.00656655, 0.00955313, -0.0134984, -0.055285, -0.0211052, 0.207922
0.999869, -0.00725902, -0.00113517, -0.0143887, -0.0553427, -0.0215693, 0.205263
0.999751, -0.00828184, -0.0156475, -0.0135633, -0.0554532, -0.0214659, 0.202675
0.99956, -0.00962207, -0.0250458, -0.0126165, -0.0553898, -0.0220476, 0.199755
0.999405, -0.0106584, -0.030868, -0.011066, -0.0554898, -0.022049, 0.19727
0.999466, -0.0114832, -0.0285049, -0.0110806, -0.0554586, -0.0219224, 0.194968
0.999503, -0.0129374, -0.0264044, -0.0113799, -0.0551516, -0.0230222, 0.192661
0.999573, -0.0147751, -0.0225975, -0.0111479, -0.0549788, -0.0233459, 0.191108
0.999603, -0.0166703, -0.0203246, -0.010121, -0.0547814, -0.0242976, 0.18936
0.999639, -0.0176799, -0.0181368, -0.00892727, -0.0546564, -0.0248674, 0.188596
0.999663, -0.01793, -0.0170675, -0.00784859, -0.0555497, -0.0274633, 0.192529
0.999679, -0.0177834, -0.0164236, -0.00751609, -0.0555122, -0.0276335, 0.191787
0.999701, -0.0172132, -0.0153513, -0.00808863, -0.0555802, -0.0276195, 0.192405
0.999702, -0.0167477, -0.0152536, -0.00907582, -0.0556189, -0.028193, 0.192465
0.999711, -0.0163697, -0.0145293, -0.00999071, -0.0555216, -0.0289844, 0.192285
0.999695, -0.0161982, -0.0158428, -0.00986788, -0.0564559, -0.0315601, 0.196825
0.999671, -0.0159588, -0.0177261, -0.00941152, -0.0569971, -0.0308427, 0.198058
0.999716, -0.0153322, -0.015858, -0.0090042, -0.0575567, -0.0311472, 0.198538
0.999741, -0.0145003, -0.0152716, -0.00867617, -0.058181, -0.0318042, 0.198978
0.999763, -0.0136886, -0.014736, -0.00834385, -0.058952, -0.0326326, 0.199463
0.999783, -0.0132987, -0.0136879, -0.00836234, -0.0608147, -0.0363118, 0.205043
0.999771, -0.0146029, -0.0131361, -0.00844823, -0.0628013, -0.0394483, 0.209534
0.999751, -0.017004, -0.0117457, -0.00842312, -0.0649027, -0.0437309, 0.212805
0.999693, -0.0205837, -0.0114482, -0.00768716, -0.0671525, -0.046292, 0.214075
0.999632, -0.02424, -0.0100926, -0.00683553, -0.0706354, -0.0511212, 0.217849
0.999523, -0.028864, -0.00945751, -0.00553559, -0.0737095, -0.0536255, 0.218003
0.999396, -0.0334885, -0.00812466, -0.0045197, -0.0778217, -0.0557359, 0.218583
0.999206, -0.038922, -0.00803274, -0.00287801, -0.0842812, -0.0590211, 0.221936
0.999002, -0.0438522, -0.00838835, -0.00160745, -0.0906448, -0.0592198, 0.220733
0.998885, -0.0467434, -0.00659534, -0.00112148, -0.0980424, -0.0595438, 0.219604
0.998818, -0.0484311, -0.0040455, -0.000727075, -0.10668, -0.0607995, 0.217931
0.998797, -0.0490074, -0.00174798, 0.000400468, -0.117223, -0.0615748, 0.216979
0.998821, -0.0485004, -2.65362e-05, 0.00219538, -0.129034, -0.0620788, 0.214428
0.998911, -0.0464622, 0.00132306, 0.00394121, -0.14338, -0.0646402, 0.213676
0.999075, -0.0424718, 0.0017818, 0.00643122, -0.15882, -0.0666433, 0.213992
0.999282, -0.0365472, 0.000376659, 0.00994561, -0.17488, -0.0695367, 0.213922
0.999438, -0.0303999, 0.00151088, 0.0140275, -0.191814, -0.0728347, 0.213716
0.999537, -0.0244973, 0.000175603, 0.018062, -0.209851, -0.0764196, 0.213329
0.999549, -0.0201438, -0.000857101, 0.0222394, -0.227833, -0.080114, 0.212284
0.999521, -0.0155069, -0.00249475, 0.0266843, -0.24635, -0.0846994, 0.210568
0.999462, -0.010654, -0.00668228, 0.0302987, -0.265546, -0.0889164, 0.209289
0.999402, -0.00526741, -0.00825061, 0.0331527, -0.284802, -0.0940383, 0.207546
0.999307, -3.31686e-05, -0.0105718, 0.0356937, -0.303604, -0.0988212, 0.205457
0.999171, 0.00522072, -0.0107568, 0.0389034, -0.321043, -0.102759, 0.203053
0.99899, 0.0106578, -0.00968838, 0.0425523, -0.339093, -0.10621, 0.202841
0.998859, 0.0152834, -0.00796862, 0.0445454, -0.355334, -0.107706, 0.202951
0.998861, 0.0190093, -0.00514987, 0.0434716, -0.372105, -0.109192, 0.204576
0.998962, 0.0213356, -0.00168122, 0.040219, -0.387831, -0.109128, 0.206688
0.99907, 0.0218885, -0.000117499, 0.0371555, -0.403865, -0.10835, 0.208991
0.999151, 0.0216631, 0.00285368, 0.0349378, -0.419559, -0.107275, 0.210054
0.999163, 0.0210506, 0.0034419, 0.0348919, -0.435569, -0.105073, 0.210293
0.999135, 0.0202271, 0.00539608, 0.035931, -0.451375, -0.101154, 0.210119
0.999094, 0.0183891, 0.00707121, 0.0377309, -0.466832, -0.0970716, 0.208884
0.999107, 0.0157705, 0.00552949, 0.0387939, -0.481184, -0.092302, 0.206965
0.999139, 0.0129908, 0.00525952, 0.0390402, -0.494835, -0.0863937, 0.205104
0.999216, 0.0101886, 0.00412815, 0.0380354, -0.506836, -0.0799896, 0.203565
0.99931, 0.00918846, 0.00410307, 0.0357609, -0.516451, -0.074963, 0.201494
0.999388, 0.00926914, 0.00459862, 0.0334172, -0.524386, -0.0698024, 0.200346
0.999441, 0.00990501, 0.00250595, 0.0318353, -0.529976, -0.0657218, 0.199532
0.999467, 0.0105568, -3.00137e-05, 0.0308883, -0.532476, -0.0613712, 0.198863
0.999448, 0.00977814, -0.00226645, 0.0316757, -0.531441, -0.0587511, 0.197137
0.999359, 0.00748707, -0.00312375, 0.0348759, -0.526695, -0.0552289, 0.195814
0.999252, 0.00471004, -0.00315798, 0.0382527, -0.518884, -0.0513576, 0.196046
0.999183, 0.00179817, -0.00051047, 0.0403614, -0.507159, -0.0502383, 0.196522
0.999155, -0.00149431, 0.0019788, 0.0410312, -0.492263, -0.0508465, 0.198088
0.999188, -0.00495417, 0.00594143, 0.0395434, -0.474585, -0.0520412, 0.199551
0.999269, -0.00847237, 0.00952474, 0.036032, -0.455184, -0.0545461, 0.201682
0.999359, -0.0110205, 0.0128684, 0.031535, -0.433472, -0.0593981, 0.204788
0.999451, -0.0133854, 0.0131413, 0.0273281, -0.41012, -0.0656828, 0.206382
0.999516, -0.0152178, 0.0115331, 0.0245688, -0.386557, -0.0714469, 0.206784
0.999519, -0.0169439, 0.0104676, 0.0237548, -0.363152, -0.0756938, 0.206898
0.999481, -0.018449, 0.00818113, 0.0251095, -0.339217, -0.0821273, 0.208542
0.999392, -0.0186097, 0.0118794, 0.0269881, -0.316729, -0.084813, 0.208809
0.999327, -0.0185476, 0.0135251, 0.0286092, -0.295006, -0.0879216, 0.209848
0.999244, -0.019281, 0.013419, 0.0309649, -0.274938, -0.0901753, 0.210728
0.999127, -0.0199331, 0.0131989, 0.0342639, -0.256133, -0.0902138, 0.210309
0.999031, -0.0207701, 0.0101861, 0.0374365, -0.238363, -0.0911305, 0.20904
0.99904, -0.0204821, 0.00557283, 0.0383226, -0.219766, -0.0913494, 0.210198
0.999017, -0.0221935, 0.00291612, 0.0382691, -0.201289, -0.0916611, 0.210108
0.999107, -0.0223786, 0.000165177, 0.0358364, -0.182595, -0.0908079, 0.211676
0.999165, -0.0237524, -0.00501779, 0.0328487, -0.164165, -0.0896453, 0.213116
0.999239, -0.0249299, -0.00634194, 0.0293095, -0.145878, -0.0895408, 0.214091
0.999253, -0.026763, -0.00951891, 0.0262118, -0.126961, -0.0892549, 0.216095
0.999296, -0.0278665, -0.0105535, 0.0228125, -0.1072, -0.0891471, 0.217384
0.999312, -0.0293992, -0.0122818, 0.0189763, -0.0880303, -0.0906216, 0.218953
0.999224, -0.0321064, -0.0157458, 0.0165195, -0.0702882, -0.090153, 0.218198
0.999117, -0.0353165, -0.0167155, 0.0154686, -0.0531411, -0.0889345, 0.217983
0.99891, -0.0396777, -0.019002, 0.015576, -0.0359257, -0.089497, 0.217786
0.998678, -0.0438632, -0.0204838, 0.017292, -0.0188353, -0.0883411, 0.217425
0.998298, -0.0485761, -0.0238371, 0.0217604, -0.00181541, -0.0876789, 0.216384
0.997899, -0.0528781, -0.0255138, 0.0273838, 0.0141099, -0.0892223, 0.215047
0.997589, -0.0561236, -0.025144, 0.0321571, 0.0283852, -0.0894451, 0.213758
0.997565, -0.0566488, -0.0250975, 0.0320237, 0.0403493, -0.089539, 0.213652
0.997799, -0.0556514, -0.0231355, 0.0276648, 0.0506099, -0.0905114, 0.213572
0.997988, -0.0550536, -0.0218205, 0.0226577, 0.0582126, -0.0917484, 0.213237
0.99798, -0.0564844, -0.0218883, 0.0191163, 0.0629734, -0.0925332, 0.21154
0.997954, -0.0582274, -0.0195683, 0.0177488, 0.0657467, -0.0910785, 0.211462
0.997935, -0.0590939, -0.0181642, 0.0174434, 0.0663343, -0.0907699, 0.210445
0.997992, -0.0583558, -0.0187269, 0.0160005, 0.0655486, -0.0911919, 0.209773
0.998162, -0.0562477, -0.0181514, 0.0133634, 0.0626973, -0.0899942, 0.209099
0.998354, -0.053951, -0.0159666, 0.0111529, 0.057995, -0.0896906, 0.209168
0.998381, -0.0523643, -0.0199415, 0.00978986, 0.0514004, -0.0890476, 0.210033
0.99844, -0.0516699, -0.0185991, 0.010044, 0.043162, -0.0876821, 0.211775
0.998424, -0.0524706, -0.0169211, 0.010536, 0.0330806, -0.0844382, 0.212495
0.998427, -0.0532926, -0.0132755, 0.0112678, 0.0217784, -0.0819301, 0.213964
0.998355, -0.0550954, -0.00834552, 0.0135206, 0.00942419, -0.0795204, 0.216073
0.998374, -0.0547632, -0.00366716, 0.0153592, -0.00459527, -0.0764583, 0.21704
0.998299, -0.0554659, -0.00195895, 0.0178396, -0.0199513, -0.0743157, 0.218903
0.998299, -0.0549596, 0.00491388, 0.0188329, -0.0363742, -0.0720841, 0.22124
0.99832, -0.054361, 0.00764565, 0.0185126, -0.0538165, -0.0708012, 0.221888
0.998373, -0.0524409, 0.0131618, 0.0181169, -0.071606, -0.0694803, 0.223131
0.998396, -0.0490927, 0.0186423, 0.0211651, -0.0902698, -0.0681828, 0.223494
0.998376, -0.047031, 0.018253, 0.0264814, -0.109015, -0.0667767, 0.223135
0.99834, -0.0469654, 0.0139266, 0.0302842, -0.127201, -0.0656761, 0.223037
0.998222, -0.0479241, 0.0204256, 0.0289634, -0.144426, -0.0629274, 0.223554
0.998056, -0.0496704, 0.0301084, 0.0225941, -0.161302, -0.0608464, 0.222591
0.997807, -0.0522113, 0.0381358, 0.0141912, -0.178254, -0.0577692, 0.223536
0.997454, -0.0543759, 0.0456454, 0.00666488, -0.195653, -0.0552484, 0.223626
0.997149, -0.0562433, 0.0502171, 0.00284682, -0.213281, -0.0518305, 0.223497
0.997078, -0.0558648, 0.0520944, 0.000598187, -0.231476, -0.0511355, 0.223168
0.997024, -0.0536344, 0.0553837, -0.000279712, -0.249224, -0.0505527, 0.221389
0.997117, -0.0511237, 0.0560596, -0.00113753, -0.266429, -0.0502772, 0.219579
0.997121, -0.0478972, 0.0587778, 0.00107453, -0.283492, -0.0505251, 0.218769
0.997227, -0.0456291, 0.0586297, 0.00434512, -0.299015, -0.0489836, 0.21657
0.997308, -0.0435475, 0.0583219, 0.00887328, -0.313916, -0.0472431, 0.215456
0.997503, -0.0431379, 0.0541423, 0.0139656, -0.328696, -0.0479559, 0.213706
0.997675, -0.0417942, 0.0506191, 0.0182911, -0.342623, -0.047463, 0.211114
0.997844, -0.0408112, 0.0458617, 0.023216, -0.35559, -0.0477033, 0.206387
0.997894, -0.0398274, 0.0434232, 0.0271254, -0.36741, -0.0479668, 0.201811
0.997881, -0.0383708, 0.0429351, 0.030283, -0.378851, -0.0490044, 0.199078
0.997993, -0.0362448, 0.040462, 0.0325312, -0.389121, -0.0505162, 0.195116
0.998142, -0.0334481, 0.0370374, 0.0349658, -0.398991, -0.0507395, 0.192085
0.998223, -0.0305777, 0.0346156, 0.0376458, -0.407893, -0.0500323, 0.189507
0.998328, -0.0277479, 0.0316086, 0.0396398, -0.415276, -0.0500916, 0.18643
0.998348, -0.0253758, 0.0305561, 0.0415111, -0.421457, -0.0513995, 0.185108
0.998347, -0.0231967, 0.0299698, 0.0432159, -0.425308, -0.0511487, 0.182796
0.998377, -0.021103, 0.0287254, 0.0444272, -0.427766, -0.0519193, 0.18166
0.998395, -0.0198073, 0.0281621, 0.0449558, -0.428505, -0.0526974, 0.18066
0.998416, -0.0190935, 0.0290426, 0.0442498, -0.426667, -0.0518861, 0.178733
0.998472, -0.019673, 0.0290498, 0.0427017, -0.422684, -0.051213, 0.176755
0.998577, -0.0213514, 0.0273152, 0.0405275, -0.416612, -0.0513439, 0.175976
0.998637, -0.023452, 0.0274121, 0.0377114, -0.408747, -0.0527391, 0.175951
0.998631, -0.0261637, 0.0273024, 0.0361331, -0.39908, -0.0538753, 0.176569
0.9986, -0.0285263, 0.0276786, 0.0348943, -0.387211, -0.0537753, 0.176859
0.99859, -0.0290806, 0.0312549, 0.0315444, -0.374015, -0.0547823, 0.177331
0.998598, -0.0285556, 0.0358194, 0.0265265, -0.358973, -0.0581041, 0.17893
0.998662, -0.0292092, 0.0367038, 0.0217656, -0.342719, -0.0573229, 0.180616
0.998668, -0.0313945, 0.0361565, 0.0192327, -0.325058, -0.0593236, 0.182687
0.998681, -0.0327591, 0.0351646, 0.0180761, -0.306466, -0.0615381, 0.185427
0.998702, -0.0332074, 0.0347873, 0.0167809, -0.287344, -0.062452, 0.1891
0.998801, -0.0331365, 0.0316575, 0.0172206, -0.267815, -0.0638672, 0.193045
0.998789, -0.0326416, 0.032257, 0.0177084, -0.248022, -0.0661996, 0.196863
0.998693, -0.0335545, 0.0325731, 0.0206363, -0.227483, -0.0684356, 0.201615
0.998595, -0.0347329, 0.0327664, 0.0229777, -0.207132, -0.0694501, 0.205622
0.99849, -0.0360494, 0.0333419, 0.0246193, -0.18623, -0.0695355, 0.210486
0.99853, -0.0371455, 0.0312261, 0.0241499, -0.164158, -0.0707226, 0.214913
0.998633, -0.0370791, 0.0302043, 0.0210963, -0.141297, -0.0726448, 0.218979
0.99887, -0.0343192, 0.0297638, 0.0139608, -0.119068, -0.0727828, 0.223242
0.998892, -0.032897, 0.033085, 0.00619543, -0.0975035, -0.073081, 0.227257
0.998768, -0.032934, 0.0371138, 0.000229953, -0.077088, -0.0735315, 0.228225
0.998749, -0.0342887, 0.0361062, -0.00455368, -0.0572889, -0.0738523, 0.228003
0.998731, -0.0382793, 0.0321156, -0.00630547, -0.0391766, -0.0745884, 0.227437
0.998684, -0.0421654, 0.0286221, -0.00574382, -0.0224159, -0.0751213, 0.224779
0.998654, -0.044897, 0.0257848, -0.00299863, -0.00736078, -0.074967, 0.223412
0.998663, -0.0458936, 0.0237736, 0.000303903, 0.00591587, -0.0747407, 0.222486
0.998531, -0.0474201, 0.0260947, 0.0025501, 0.0170603, -0.075335, 0.222644
0.998403, -0.0485181, 0.0287997, 0.002891, 0.0263804, -0.0761285, 0.224206
0.998322, -0.0494896, 0.0300188, 0.00186032, 0.0322983, -0.0741818, 0.225976
0.998359, -0.0494059, 0.0289417, -0.000962415, 0.0351065, -0.0733354, 0.227919
0.998458, -0.0481406, 0.0272615, -0.00463964, 0.0345828, -0.0731008, 0.230584
0.998563, -0.0461758, 0.0259472, -0.00817431, 0.0317451, -0.0732773, 0.233294
0.998638, -0.0446471, 0.0250231, -0.0101553, 0.0270158, -0.0721122, 0.235176
0.998576, -0.0443589, 0.0280975, -0.00946737, 0.0201386, -0.0720482, 0.236199
0.998532, -0.044514, 0.0298781, -0.00773987, 0.010844, -0.0706682, 0.236543
0.998373, -0.0455359, 0.0338882, -0.00544793, -0.00080406, -0.0698076, 0.237598
0.998329, -0.0452482, 0.0357561, -0.00364875, -0.0144789, -0.0693866, 0.238475
0.998151, -0.0452963, 0.0404853, -0.00217322, -0.0300461, -0.0669215, 0.238306
0.998093, -0.0458004, 0.0413209, -0.00221657, -0.0472153, -0.0649822, 0.235982
0.998082, -0.0467754, 0.0403845, -0.00360992, -0.0651914, -0.0625513, 0.234386
0.997922, -0.0478048, 0.0430018, -0.00426013, -0.0839374, -0.0596126, 0.231675
0.997914, -0.0479852, 0.0430661, -0.00318453, -0.103033, -0.0571311, 0.227527
0.997961, -0.0470999, 0.0430772, -0.000171645, -0.122264, -0.0577097, 0.22503
0.998173, -0.0456275, 0.0394674, 0.00344278, -0.141157, -0.0579501, 0.222351
0.998024, -0.0438725, 0.044408, 0.00714336, -0.160285, -0.0558236, 0.220625
0.997969, -0.0436311, 0.0449325, 0.0116458, -0.178556, -0.0547661, 0.218101
0.99787, -0.0430913, 0.0468047, 0.0143874, -0.196294, -0.0548521, 0.215355
0.997827, -0.0431072, 0.0477448, 0.0142341, -0.213917, -0.0521302, 0.213653
0.997891, -0.0416154, 0.0483396, 0.0120214, -0.231344, -0.0506734, 0.212221
0.998116, -0.0393305, 0.0460256, 0.00993956, -0.248889, -0.0488818, 0.210716
0.998249, -0.0373123, 0.0453146, 0.00729491, -0.265825, -0.0499787, 0.209714
0.998229, -0.0357854, 0.0471943, 0.00565362, -0.282571, -0.0499872, 0.210397
0.998192, -0.0347198, 0.0487427, 0.00562869, -0.298973, -0.0503387, 0.211493
0.998256, -0.0341558, 0.0475291, 0.00768087, -0.314455, -0.0516845, 0.210809
0.998298, -0.0337923, 0.0464199, 0.0102074, -0.330199, -0.0520254, 0.21054
0.998152, -0.032687, 0.0496166, 0.0127703, -0.345623, -0.0509136, 0.209113
0.998115, -0.0315681, 0.0501162, 0.016066, -0.361305, -0.0509584, 0.207514
0.998064, -0.0308638, 0.0507952, 0.0183255, -0.376083, -0.0488546, 0.204534
0.998068, -0.0298918, 0.0508956, 0.0193794, -0.390218, -0.0469636, 0.201506
0.998081, -0.0294178, 0.0508028, 0.0197209, -0.40273, -0.0453277, 0.197927
0.998171, -0.0293955, 0.048674, 0.02055, -0.41369, -0.0443513, 0.19487
0.998148, -0.0284766, 0.0487681, 0.0226302, -0.422987, -0.0428018, 0.192102
0.998272, -0.0272258, 0.0450494, 0.0261357, -0.430773, -0.0415911, 0.190028
0.998372, -0.0254115, 0.0417317, 0.0294432, -0.436721, -0.0401749, 0.187678
0.998445, -0.0242655, 0.0386298, 0.0320416, -0.440223, -0.0395814, 0.185836
0.998532, -0.0242923, 0.0358111, 0.03258, -0.441457, -0.0392023, 0.18404
0.998571, -0.0249822, 0.0353756, 0.0313114, -0.440211, -0.0383457, 0.182625
0.998644, -0.0266062, 0.0335554, 0.0295896, -0.436236, -0.038168, 0.181997
0.998675, -0.0286449, 0.033543, 0.026524, -0.430065, -0.0393232, 0.181925
0.998629, -0.0317375, 0.0336131, 0.0245434, -0.421219, -0.0402121, 0.182152
0.998521, -0.0342392, 0.0358643, 0.0223106, -0.410456, -0.0425719, 0.183536
0.99834, -0.0370871, 0.0385437, 0.0213759, -0.397616, -0.0439892, 0.186025
0.998191, -0.0386568, 0.0418347, 0.0192656, -0.382749, -0.0460726, 0.189377
0.997889, -0.039577, 0.0484686, 0.0173689, -0.365581, -0.0479642, 0.193396
0.997831, -0.0396118, 0.050895, 0.0131655, -0.346898, -0.0482475, 0.19761
0.997703, -0.0413008, 0.0526793, 0.0103787, -0.326046, -0.0504356, 0.200139
0.997874, -0.0428993, 0.0484607, 0.00769212, -0.304102, -0.0523478, 0.202937
0.997931, -0.0456885, 0.044721, 0.00687655, -0.280992, -0.0541406, 0.206617
0.998011, -0.0465848, 0.0420687, 0.00575553, -0.257438, -0.0557991, 0.2109
0.997993, -0.0473529, 0.0418274, 0.00426281, -0.234243, -0.0565044, 0.21652
0.997882, -0.0476032, 0.0440078, 0.00545294, -0.210814, -0.0573206, 0.222205
0.997903, -0.0475468, 0.04331, 0.00730045, -0.188622, -0.0583038, 0.227224
0.997857, -0.0469255, 0.0448467, 0.00827267, -0.167212, -0.0582793, 0.233285
0.997806, -0.0465015, 0.0464878, 0.00773753, -0.146417, -0.0582664, 0.239849
0.997767, -0.0461489, 0.0478756, 0.00627843, -0.125514, -0.0588574, 0.245559
0.997784, -0.0477237, 0.0460735, 0.00518712, -0.104947, -0.0571113, 0.251798
0.997709, -0.0502584, 0.0450936, 0.00407112, -0.0847937, -0.0568988, 0.255321
0.997685, -0.0546389, 0.0403632, 0.00325912, -0.0651661, -0.0559757, 0.257295
0.997493, -0.0587214, 0.0393968, 0.00260373, -0.0456077, -0.0559702, 0.2593
0.99734, -0.0628087, 0.0366127, 0.00514899, -0.0260255, -0.0553144, 0.259822
0.997173, -0.065241, 0.035918, 0.00992732, -0.00653678, -0.0555863, 0.260042
0.997022, -0.067391, 0.034411, 0.0148517, 0.0126119, -0.0562425, 0.258974
0.996828, -0.0693862, 0.0334607, 0.0199937, 0.0298945, -0.0556216, 0.257411
0.996738, -0.0705799, 0.0310155, 0.0238895, 0.0435215, -0.0561529, 0.255786
0.996686, -0.0718844, 0.0273914, 0.0264374, 0.0524133, -0.0550464, 0.255175
0.996733, -0.0714665, 0.0270207, 0.0261693, 0.0569896, -0.0555382, 0.254149
0.996769, -0.0712464, 0.0261275, 0.0263102, 0.057448, -0.0543957, 0.253443
0.996893, -0.0711228, 0.0227661, 0.0250586, 0.054923, -0.0548061, 0.251534
0.997082, -0.0705397, 0.0166941, 0.0239366, 0.0500206, -0.0552674, 0.249058
0.997339, -0.0682752, 0.012287, 0.0224323, 0.042739, -0.0560012, 0.248026
0.997511, -0.0660428, 0.0138521, 0.0204759, 0.0335115, -0.058143, 0.246524
0.997582, -0.064405, 0.0180785, 0.0188653, 0.0221968, -0.0610666, 0.245762
0.997739, -0.0618213, 0.0196524, 0.0175661, 0.00800847, -0.0615716, 0.244334
0.997705, -0.0625308, 0.0189729, 0.0177185, -0.00728797, -0.0624221, 0.242293
0.997624, -0.0639912, 0.0172592, 0.0188265, -0.0237042, -0.062305, 0.240939
0.99748, -0.066457, 0.013968, 0.0205525, -0.0406664, -0.0621004, 0.238857
0.997358, -0.0681221, 0.0124757, 0.0219412, -0.0578737, -0.062311, 0.236054
0.997221, -0.069787, 0.0143253, 0.0218055, -0.0750203, -0.0623823, 0.232179
0.997172, -0.0692145, 0.0199909, 0.0213744, -0.0930206, -0.0597633, 0.22884
0.997073, -0.0692434, 0.0245699, 0.0211512, -0.110785, -0.0597118, 0.225134
0.997177, -0.0674832, 0.0250698, 0.0213639, -0.129119, -0.059285, 0.221268
0.997256, -0.0674777, 0.0201707, 0.0227976, -0.145108, -0.0603436, 0.217576
0.997267, -0.0675719, 0.0188333, 0.0232019, -0.158709, -0.0593881, 0.21447
0.99717, -0.0692131, 0.0200873, 0.0213927, -0.169306, -0.0580666, 0.213947
0.997047, -0.070693, 0.0229309, 0.0193146, -0.178485, -0.0533465, 0.214677
0.996941, -0.0719342, 0.0250484, 0.017532, -0.186609, -0.0476616, 0.217046
0.996872, -0.073472, 0.0234735, 0.0172306, -0.193528, -0.0409449, 0.21947
0.99685, -0.0743559, 0.0211308, 0.017725, -0.199812, -0.0314683, 0.222188
0.996772, -0.0752172, 0.0189238, 0.0207464, -0.205031, -0.0229434, 0.224669
0.99675, -0.0744601, 0.0187757, 0.02433, -0.209717, -0.00923166, 0.227451
0.99673, -0.0731206, 0.021156, 0.0271264, -0.213568, 0.00578429, 0.231117
0.996809, -0.0711026, 0.0236236, 0.0275278, -0.216993, 0.023603, 0.234402
0.996868, -0.069181, 0.0270376, 0.0271595, -0.220181, 0.0424169, 0.235289
0.997012, -0.0677935, 0.0266016, 0.0257508, -0.223125, 0.063481, 0.235924
0.99714, -0.0661877, 0.026827, 0.0247175, -0.225824, 0.0849105, 0.237057
0.997249, -0.0650676, 0.025844, 0.0243491, -0.228513, 0.107259, 0.238312
0.997319, -0.064258, 0.0249869, 0.0245252, -0.230715, 0.13077, 0.240168
0.997329, -0.0645012, 0.0237383, 0.0246992, -0.232542, 0.151506, 0.24067
0.997287, -0.0647333, 0.0255202, 0.0240026, -0.233704, 0.174206, 0.241891
0.997249, -0.0657367, 0.025328, 0.0230656, -0.234524, 0.194913, 0.242983
0.997271, -0.0652045, 0.0270909, 0.0215443, -0.234881, 0.215367, 0.243821
0.997236, -0.0646215, 0.0295567, 0.0216759, -0.234624, 0.236517, 0.244359
0.997318, -0.0632074, 0.0294014, 0.02229, -0.234336, 0.256601, 0.244142
0.997428, -0.0611539, 0.0291955, 0.0233374, -0.234104, 0.276984, 0.243623
0.997553, -0.058824, 0.0285325, 0.0247721, -0.233901, 0.296078, 0.242585
0.997701, -0.0569573, 0.0262008, 0.025732, -0.233712, 0.315356, 0.241924
0.997761, -0.056745, 0.0239277, 0.026087, -0.233926, 0.33448, 0.241804
0.997725, -0.0573866, 0.0238865, 0.026096, -0.233708, 0.354239, 0.240657
0.997663, -0.0583043, 0.0246404, 0.0257459, -0.233828, 0.373063, 0.239784
0.997612, -0.0597929, 0.0231228, 0.0257027, -0.233124, 0.391256, 0.238483
0.997706, -0.0601312, 0.0193073, 0.0243893, -0.2328, 0.408991, 0.238527
0.997894, -0.0593843, 0.0157605, 0.0208221, -0.232367, 0.426496, 0.239869
0.998116, -0.0578577, 0.0134174, 0.0153977, -0.231497, 0.443688, 0.241288
0.998292, -0.0566717, 0.0106417, 0.00944155, -0.230619, 0.460888, 0.243566
0.998428, -0.0555353, 0.00681855, 0.00339335, -0.229921, 0.476533, 0.246026
0.998509, -0.0545354, 0.00147863, -0.00172878, -0.229294, 0.490357, 0.248632
0.998523, -0.0538138, -0.00357133, -0.00661902, -0.228965, 0.502448, 0.251473
0.998478, -0.0536789, -0.0078539, -0.00995302, -0.228612, 0.51288, 0.253992
0.998484, -0.0530891, -0.00889068, -0.0115212, -0.228415, 0.521261, 0.256375
0.99855, -0.0519519, -0.00775528, -0.0117428, -0.227964, 0.528372, 0.257772
0.9987, -0.0492863, -0.00716351, -0.0108163, -0.227996, 0.533019, 0.258525
0.998892, -0.0454846, -0.00719384, -0.00971598, -0.228608, 0.533956, 0.258736
0.999067, -0.0412477, -0.00965717, -0.00837187, -0.229234, 0.533359, 0.25827
0.999153, -0.0380049, -0.0141643, -0.00690618, -0.229962, 0.529921, 0.257448
0.999226, -0.0355015, -0.0158914, -0.00595206, -0.230492, 0.524884, 0.256669
0.999329, -0.033317, -0.0140558, -0.00588773, -0.231145, 0.517557, 0.257615
0.99947, -0.0308462, -0.00845129, -0.00612495, -0.231438, 0.507447, 0.257635
0.999553, -0.028335, -0.00762324, -0.00574544, -0.232183, 0.495506, 0.258337
0.999619, -0.0260081, -0.00745204, -0.0055536, -0.233601, 0.481478, 0.258359
0.999681, -0.0232235, -0.00787699, -0.00606067, -0.235012, 0.465029, 0.257457
0.999787, -0.0189414, -0.00397701, -0.00717305, -0.236801, 0.446123, 0.257364
0.999877, -0.014158, -0.00080143, -0.00676275, -0.238459, 0.425794, 0.256863
0.999944, -0.00966364, 0.00127301, -0.00420003, -0.240052, 0.404535, 0.255791
0.999983, -0.00586787, -0.000234855, -0.000326068, -0.242008, 0.379856, 0.25621
0.999991, -0.00134083, -0.00105201, 0.00395277, -0.243345, 0.355917, 0.256022
0.999967, 0.00225059, -0.00135451, 0.00770748, -0.244896, 0.330503, 0.256847
0.999933, 0.00569246, 0.000617389, 0.010106, -0.246994, 0.303122, 0.25701
0.999908, 0.00798447, 0.00272308, 0.0105783, -0.249488, 0.274628, 0.257418
0.999887, 0.00917948, 0.00532962, 0.0106231, -0.251573, 0.245353, 0.257135
0.999882, 0.00948112, 0.00711524, 0.00981807, -0.253362, 0.216972, 0.257182
0.999887, 0.00920966, 0.00896546, 0.00780139, -0.254847, 0.187905, 0.259847
0.99984, 0.00885286, 0.0146841, 0.00517528, -0.256126, 0.15874, 0.261874
0.999737, 0.00907611, 0.02081, 0.00325849, -0.25698, 0.129806, 0.262895
0.999676, 0.00945973, 0.0233163, 0.00395437, -0.257526, 0.100534, 0.262796
0.999626, 0.0108832, 0.0244787, 0.00550785, -0.258356, 0.0707461, 0.263586
0.999631, 0.013469, 0.0228495, 0.00589899, -0.259512, 0.0406597, 0.263212
0.999608, 0.0170582, 0.0217177, 0.0045492, -0.260927, 0.0118002, 0.264233
0.99948, 0.0212192, 0.0241228, 0.002607, -0.262263, -0.0174081, 0.264477
0.999312, 0.025424, 0.0269951, 0.000529823, -0.263308, -0.0461582, 0.264161
0.999245, 0.0288282, 0.0260267, 0.000737688, -0.26406, -0.0741179, 0.263331
0.999215, 0.0319221, 0.0232174, 0.00343272, -0.264608, -0.100585, 0.262073
0.999065, 0.0355897, 0.023522, 0.00694396, -0.264934, -0.128026, 0.261116
0.998944, 0.0388224, 0.0220725, 0.0108187, -0.265388, -0.154879, 0.259676
0.998778, 0.0419987, 0.0225913, 0.0129418, -0.265985, -0.181034, 0.258624
0.998588, 0.0450042, 0.0245597, 0.0139188, -0.266718, -0.205918, 0.258152
0.998364, 0.0478624, 0.0277247, 0.0144821, -0.267789, -0.229883, 0.257646
0.998174, 0.0506602, 0.0293316, 0.0148619, -0.26898, -0.253536, 0.257009
0.99801, 0.0539972, 0.0283631, 0.0160232, -0.270259, -0.276202, 0.256065
0.997707, 0.0583385, 0.0297564, 0.0170675, -0.271595, -0.2968, 0.255256
0.997366, 0.0626629, 0.0320401, 0.0175557, -0.273325, -0.315056, 0.254654
0.996984, 0.0672759, 0.0349329, 0.0166185, -0.274387, -0.333809, 0.254263
0.99665, 0.0722579, 0.0357738, 0.0136911, -0.275083, -0.350674, 0.253414
0.996318, 0.0777491, 0.0347447, 0.00996037, -0.275801, -0.36617, 0.252909
0.995915, 0.0833658, 0.0342391, 0.00554819, -0.275728, -0.381134, 0.251034
0.995582, 0.0881161, 0.0323346, 0.00270422, -0.275619, -0.394165, 0.249503
0.9954, 0.0905959, 0.0310164, 0.00302955, -0.275516, -0.406772, 0.247266
0.995446, 0.0909729, 0.0277089, 0.00664334, -0.274923, -0.418778, 0.244264
0.995478, 0.0904396, 0.0267366, 0.0113954, -0.27444, -0.429597, 0.241608
0.995606, 0.0886853, 0.0260078, 0.0150973, -0.273952, -0.43858, 0.238544
0.995708, 0.0866163, 0.0282215, 0.0163411, -0.273502, -0.446124, 0.236168
0.995976, 0.0838095, 0.0274829, 0.0159125, -0.273226, -0.45293, 0.235045
0.996206, 0.0814528, 0.0267585, 0.0149633, -0.272978, -0.45746, 0.233397
0.996407, 0.0791952, 0.0262602, 0.0145717, -0.273137, -0.460584, 0.232033
0.996555, 0.0772116, 0.0263558, 0.0149215, -0.273626, -0.462255, 0.230997
0.996718, 0.074885, 0.0262644, 0.0159999, -0.27409, -0.463091, 0.23023
0.996945, 0.0713351, 0.0267162, 0.0172534, -0.274802, -0.460995, 0.229498
0.99716, 0.0670894, 0.0288685, 0.0183892, -0.275941, -0.456478, 0.229493
0.99747, 0.0618268, 0.029517, 0.0189484, -0.276724, -0.451372, 0.230879
0.997814, 0.0556798, 0.0302569, 0.0187228, -0.27769, -0.442903, 0.231224
0.998105, 0.0482453, 0.0337325, 0.0179233, -0.278674, -0.432021, 0.231436
0.998438, 0.0398145, 0.0345555, 0.0184877, -0.279009, -0.420664, 0.231952
0.998722, 0.0311961, 0.0341046, 0.0204569, -0.279443, -0.406139, 0.231716
0.998792, 0.0236973, 0.0360702, 0.0234958, -0.279948, -0.388088, 0.231545
0.998785, 0.0167833, 0.0378266, 0.0267681, -0.280235, -0.368505, 0.230849
0.998858, 0.0105682, 0.0366909, 0.0287137, -0.280444, -0.344988, 0.230907
0.998829, 0.00460246, 0.0384076, 0.0290661, -0.279558, -0.320741, 0.230756
0.998845, -2.73721e-06, 0.0392249, 0.0277405, -0.278407, -0.294414, 0.229899
0.998971, -0.00533543, 0.0365768, 0.0262843, -0.276822, -0.265504, 0.227321
0.999134, -0.0104456, 0.0325192, 0.0237596, -0.275299, -0.234413, 0.224541
0.999156, -0.015603, 0.0322165, 0.0201507, -0.2734, -0.202746, 0.221977
0.999117, -0.0201864, 0.0326099, 0.0171781, -0.271263, -0.168081, 0.218543
0.999018, -0.0252283, 0.0320112, 0.0173862, -0.269789, -0.131449, 0.215967
0.998779, -0.030237, 0.0339638, 0.0192902, -0.268245, -0.0954066, 0.213778
0.998476, -0.0351264, 0.0371364, 0.0208101, -0.267166, -0.0581525, 0.212241
0.998199, -0.0400909, 0.0398335, 0.020113, -0.266874, -0.0209954, 0.212195
0.997971, -0.0439346, 0.0428282, 0.0169928, -0.266507, 0.0143076, 0.212706
0.997781, -0.0472119, 0.0452461, 0.0125083, -0.266255, 0.0505453, 0.213373
0.997713, -0.049383, 0.0454439, 0.00808982, -0.266333, 0.0849412, 0.215023
0.99776, -0.0507063, 0.0433762, 0.00468093, -0.266264, 0.116297, 0.216949
0.997789, -0.0498989, 0.0438276, 0.00234772, -0.265639, 0.145312, 0.217831
0.997793, -0.0496059, 0.0441061, 0.00146655, -0.264064, 0.174512, 0.218782
0.997655, -0.0499071, 0.0468002, 0.0017943, -0.262581, 0.204539, 0.220305
0.997292, -0.0518664, 0.052012, 0.00363542, -0.260178, 0.233764, 0.221471
0.997219, -0.0523587, 0.0527678, 0.00527787, -0.257672, 0.260718, 0.221269
0.997294, -0.0515083, 0.0521574, 0.00556465, -0.255055, 0.285309, 0.221057
0.997529, -0.0498274, 0.0492861, 0.00498283, -0.252663, 0.309907, 0.221203
0.99776, -0.0482191, 0.0462054, 0.00389109, -0.25042, 0.332222, 0.221598
0.997886, -0.0482895, 0.0433661, 0.00332828, -0.248336, 0.354333, 0.221432
0.997822, -0.0496923, 0.0431323, 0.00473763, -0.245884, 0.375751, 0.221227
0.997649, -0.0513384, 0.0445274, 0.00884702, -0.243108, 0.396201, 0.220575
0.997656, -0.0526053, 0.0418342, 0.0128705, -0.240169, 0.414832, 0.219244
0.997653, -0.0531516, 0.039991, 0.0162734, -0.237304, 0.431921, 0.218788
0.997568, -0.0536185, 0.0410107, 0.0173771, -0.234134, 0.450204, 0.217904
0.99749, -0.0540668, 0.0433283, 0.0145874, -0.231427, 0.464824, 0.217218
0.997572, -0.0539885, 0.042919, 0.00966018, -0.228886, 0.479455, 0.216484
0.997746, -0.0537014, 0.0400745, 0.00359289, -0.226641, 0.491539, 0.216281
0.998087, -0.0518623, 0.0335295, -0.00277418, -0.224102, 0.502758, 0.214853
0.998405, -0.0494292, 0.0255259, -0.0095781, -0.222021, 0.509658, 0.213167
0.998563, -0.0467663, 0.0207723, -0.0158986, -0.220018, 0.513417, 0.211537
0.998669, -0.0439423, 0.0178585, -0.0202378, -0.218075, 0.515294, 0.210147
0.998758, -0.0411944, 0.017569, -0.0218457, -0.216198, 0.514257, 0.209602
0.998939, -0.0372626, 0.0164716, -0.0214905, -0.215055, 0.509027, 0.21007
0.999182, -0.0331011, 0.0136464, -0.0188114, -0.213864, 0.502854, 0.210375
0.999371, -0.0289231, 0.0132491, -0.0156681, -0.213305, 0.492268, 0.211666
0.999484, -0.0258356, 0.0126578, -0.0142776, -0.212662, 0.478808, 0.213604
0.999551, -0.0229726, 0.0133291, -0.0138543, -0.212567, 0.46314, 0.216181
0.999558, -0.0190141, 0.0183035, -0.0136572, -0.213435, 0.444829, 0.219175
0.999606, -0.0149271, 0.0197909, -0.0131812, -0.215508, 0.423189, 0.221753
0.999581, -0.0100411, 0.0240057, -0.0126665, -0.218206, 0.40053, 0.224316
0.999634, -0.00708964, 0.0238022, -0.0107318, -0.221559, 0.375155, 0.226674
0.999721, -0.00521179, 0.0220039, -0.00677392, -0.225077, 0.348169, 0.227522
0.999643, -0.00418238, 0.0263148, -0.0021791, -0.228878, 0.319226, 0.23002
0.999527, -0.00355897, 0.0304313, 0.00264981, -0.232397, 0.29095, 0.22988
0.99948, -0.0021836, 0.0313322, 0.00733671, -0.236521, 0.258725, 0.228565
0.999386, 5.1805e-05, 0.0333412, 0.0107484, -0.240149, 0.227998, 0.226062
0.999241, 0.00280494, 0.0366266, 0.0129844, -0.244059, 0.193888, 0.224834
0.999272, 0.00509436, 0.0354134, 0.0132454, -0.247459, 0.159123, 0.223228
0.999207, 0.00682267, 0.0375135, 0.0115065, -0.250627, 0.124208, 0.221114
0.999045, 0.00849314, 0.0412953, 0.0114668, -0.253909, 0.0885, 0.218907
0.998852, 0.00851868, 0.0453329, 0.0129041, -0.256661, 0.0512447, 0.216724
0.998795, 0.00776962, 0.0457328, 0.0160083, -0.258754, 0.0152873, 0.214176
0.998654, 0.00658533, 0.04791, 0.0187669, -0.260319, -0.0211691, 0.213877
0.998582, 0.00575847, 0.0484475, 0.0212909, -0.261804, -0.0572483, 0.213717
0.998517, 0.00552651, 0.0488531, 0.0233632, -0.263334, -0.0920925, 0.214722
0.99849, 0.00613269, 0.0486338, 0.0247881, -0.265305, -0.125459, 0.216572
0.998518, 0.00787724, 0.0475499, 0.0252589, -0.267251, -0.157602, 0.217538
0.99871, 0.0108755, 0.0429765, 0.024763, -0.269222, -0.188047, 0.219383
0.998765, 0.0139698, 0.0409996, 0.024328, -0.271461, -0.217445, 0.220687
0.998873, 0.0176534, 0.0380134, 0.0222645, -0.273632, -0.243341, 0.221945
0.998721, 0.0218259, 0.0412246, 0.019532, -0.275492, -0.2673, 0.224105
0.998597, 0.0245333, 0.0435569, 0.0174494, -0.277027, -0.288886, 0.22624
0.998432, 0.0272275, 0.0461794, 0.0160963, -0.278442, -0.308289, 0.227957
0.998268, 0.0301565, 0.0479913, 0.0157671, -0.27949, -0.324161, 0.229715
0.998209, 0.0333772, 0.0469389, 0.0161749, -0.279925, -0.339212, 0.231066
0.99826, 0.0354045, 0.0442649, 0.0162532, -0.280306, -0.351772, 0.231236
0.998139, 0.0374847, 0.0455483, 0.0154616, -0.280594, -0.363177, 0.231452
0.998104, 0.0395214, 0.0454025, 0.012865, -0.281202, -0.373262, 0.231016
0.998008, 0.0414865, 0.0465261, 0.00974789, -0.281683, -0.382812, 0.230453
0.998062, 0.0423285, 0.045063, 0.00703442, -0.281899, -0.391716, 0.229449
0.998138, 0.0419188, 0.0439463, 0.00562501, -0.281998, -0.39884, 0.228564
0.998265, 0.040927, 0.0419605, 0.00567664, -0.282172, -0.403925, 0.228125
0.998417, 0.0384799, 0.0405335, 0.00628238, -0.282765, -0.406425, 0.227694
0.998521, 0.0356352, 0.0404603, 0.00696402, -0.283463, -0.405924, 0.227581
0.998598, 0.0313492, 0.0421137, 0.00669626, -0.283895, -0.403302, 0.227856
0.998613, 0.0268625, 0.0449402, 0.0055048, -0.284405, -0.397818, 0.228919
0.998716, 0.0223024, 0.0453086, 0.00401253, -0.284573, -0.389667, 0.229058
0.998781, 0.0173994, 0.0461246, 0.0023802, -0.284522, -0.378004, 0.229462
0.998857, 0.0123376, 0.046188, 0.000201259, -0.284769, -0.362324, 0.230087
0.998853, 0.00743985, 0.0472647, -0.00188253, -0.284436, -0.344682, 0.229588
0.998894, 0.00296095, 0.0468147, -0.00319904, -0.284287, -0.323648, 0.23015
0.998871, -0.000976184, 0.047261, -0.0047705, -0.283759, -0.30111, 0.228346
0.998894, -0.00507746, 0.0464125, -0.005588, -0.282759, -0.276611, 0.226712
0.998903, -0.00911106, 0.0453747, -0.00711676, -0.281752, -0.250295, 0.22546
0.998762, -0.0122273, 0.0473514, -0.00910569, -0.280689, -0.221354, 0.224113
0.998737, -0.0152822, 0.0467068, -0.0104312, -0.279465, -0.19131, 0.222418
0.998661, -0.018242, 0.0469256, -0.0118545, -0.277788, -0.160671, 0.220785
0.998586, -0.0210034, 0.0469504, -0.0134215, -0.276269, -0.128451, 0.219257
0.998446, -0.024121, 0.0482115, -0.0141164, -0.274173, -0.0972904, 0.217356
0.998384, -0.0275698, 0.0472804, -0.0152906, -0.272065, -0.0670131, 0.21482
0.998273, -0.0305162, 0.0468957, -0.0179034, -0.270289, -0.0400444, 0.212948
0.998077, -0.033627, 0.047393, -0.0215761, -0.268572, -0.0147936, 0.211323
0.997935, -0.0375002, 0.0461026, -0.0243527, -0.266661, 0.0060985, 0.208433
0.997998, -0.0409189, 0.0409446, -0.02547, -0.264679, 0.0223221, 0.206228
0.99806, -0.0436704, 0.0368468, -0.0247372, -0.262921, 0.0344801, 0.204115
0.998215, -0.0454073, 0.0315567, -0.0225654, -0.261102, 0.0431564, 0.201429
0.998422, -0.0461114, 0.0256728, -0.0191778, -0.259488, 0.0474185, 0.198378
0.998598, -0.0464279, 0.0204186, -0.0151608, -0.25778, 0.0508044, 0.195495
0.998712, -0.0460077, 0.0182587, -0.0111717, -0.255706, 0.0529383, 0.193691
0.998871, -0.0447202, 0.0141377, -0.00759523, -0.253289, 0.0542927, 0.192202
0.999014, -0.0431965, 0.00953203, -0.00380617, -0.250524, 0.0548234, 0.193384
0.999047, -0.0430954, 0.00696723, 3.66896e-06, -0.247541, 0.0550577, 0.196452
0.998981, -0.0444055, 0.0075508, 0.00274677, -0.24396, 0.0542452, 0.202829
0.998878, -0.0455553, 0.0126316, 0.0029453, -0.239872, 0.0528499, 0.212479
0.998815, -0.0448518, 0.0188927, 0.000782812, -0.23557, 0.0517081, 0.225429
0.998792, -0.0433226, 0.0230477, -0.00254928, -0.230865, 0.0515038, 0.240453
0.998804, -0.0421679, 0.0241243, -0.00559187, -0.225485, 0.0497734, 0.258002
0.998803, -0.0420445, 0.0238989, -0.00729855, -0.219676, 0.0479242, 0.277444
0.998791, -0.0427945, 0.0228033, -0.00813182, -0.213733, 0.047558, 0.298265
0.998757, -0.0426856, 0.0243926, -0.00826685, -0.208122, 0.0489411, 0.318566
0.998537, -0.0421576, 0.0332772, -0.00628896, -0.202161, 0.0488141, 0.340153
0.998326, -0.0429411, 0.0386601, -0.0023901, -0.19626, 0.0484511, 0.361647
0.998266, -0.0447988, 0.038088, 0.00274963, -0.190199, 0.0473417, 0.381803
0.99822, -0.045761, 0.0374218, 0.00785556, -0.184363, 0.0460213, 0.40106
0.998164, -0.0454448, 0.0381598, 0.0121723, -0.179166, 0.0457964, 0.417435
0.998184, -0.0429869, 0.0396655, 0.0144199, -0.174277, 0.0456374, 0.434544
0.998202, -0.0386725, 0.0434793, 0.0143757, -0.169899, 0.0447548, 0.449536
0.998184, -0.0353662, 0.0469913, 0.0130142, -0.165603, 0.0447558, 0.464409
0.998203, -0.033263, 0.0489027, 0.00968843, -0.162031, 0.0451854, 0.478923
0.998188, -0.0328495, 0.050145, 0.00525078, -0.159269, 0.0481601, 0.492315
0.998005, -0.034977, 0.0525516, 0.000743075, -0.15757, 0.051207, 0.505789
0.997639, -0.038195, 0.0569958, -0.00311534, -0.156938, 0.0522705, 0.518634
0.997038, -0.0415907, 0.0643994, -0.00610733, -0.156659, 0.0564224, 0.531202
0.996403, -0.0447739, 0.0716761, -0.00617514, -0.157341, 0.059757, 0.541721
0.99581, -0.0471396, 0.0782952, -0.0032274, -0.158167, 0.0628597, 0.550961
0.995335, -0.0481567, 0.0835785, 0.00214995, -0.159695, 0.0655492, 0.557458
0.995054, -0.0471001, 0.0871509, 0.00730408, -0.161066, 0.067843, 0.562366
0.994473, -0.0465506, 0.0934943, 0.0107148, -0.16325, 0.0707163, 0.560824
0.994142, -0.0476956, 0.0961391, 0.0127793, -0.164505, 0.0724912, 0.557174
0.993923, -0.0491686, 0.0976472, 0.0128628, -0.1653, 0.0761138, 0.549453
0.99396, -0.04925, 0.0974466, 0.0110781, -0.16543, 0.0784192, 0.539775
0.994378, -0.0472334, 0.0944555, 0.00766208, -0.164999, 0.0814229, 0.52968
0.994789, -0.043733, 0.0920284, 0.00348635, -0.164665, 0.0830591, 0.517727
0.995368, -0.0401173, 0.0873552, -0.00140013, -0.165234, 0.0854201, 0.50134
0.995635, -0.0384873, 0.0848391, -0.00557676, -0.165706, 0.0855571, 0.485135
0.995766, -0.0373931, 0.0836677, -0.00724519, -0.166785, 0.0876332, 0.466919
0.996293, -0.0377872, 0.0769833, -0.00673206, -0.168482, 0.0914158, 0.448005
0.996654, -0.037261, 0.0725913, -0.00484647, -0.170664, 0.0907116, 0.425845
0.997015, -0.0363039, 0.0680542, -0.00335507, -0.173257, 0.0877166, 0.401728
0.997251, -0.0346564, 0.0654591, -0.00221488, -0.176124, 0.0861018, 0.377794
0.997341, -0.0328444, 0.0650232, -0.00188299, -0.178789, 0.083529, 0.354815
0.997598, -0.031147, 0.0618587, -0.000854119, -0.182365, 0.0808269, 0.330408
0.997963, -0.0293954, 0.0565907, 0.00200612, -0.185837, 0.0772303, 0.306322
0.99825, -0.0283268, 0.0517259, 0.00426804, -0.189398, 0.0741326, 0.281979
0.998267, -0.027521, 0.051857, 0.00395306, -0.192964, 0.0707438, 0.258827
0.99823, -0.0279428, 0.0525042, 0.00014653, -0.196114, 0.0669945, 0.2351
0.998455, -0.027311, 0.0480452, -0.00584266, -0.199649, 0.063877, 0.214284
0.998608, -0.0268993, 0.0441437, -0.0105165, -0.203169, 0.0598481, 0.193109
0.998781, -0.0260031, 0.0401478, -0.0121867, -0.207095, 0.0558125, 0.174263
0.998931, -0.0270303, 0.0361368, -0.0100581, -0.210899, 0.0514519, 0.156223
0.999028, -0.0277712, 0.0336664, -0.00620295, -0.214609, 0.0488197, 0.138126
0.999101, -0.0294174, 0.0304518, -0.00222199, -0.218442, 0.0467357, 0.119887
0.999116, -0.0305816, 0.0288295, -3.04512e-05, -0.222258, 0.0438507, 0.101852
0.999191, -0.0313842, 0.0250622, 0.00218486, -0.226895, 0.0432769, 0.0847575
0.999146, -0.0324108, 0.0250684, 0.0053612, -0.231595, 0.0432224, 0.0684609
0.999079, -0.0336075, 0.0247904, 0.00989434, -0.236431, 0.0424581, 0.0533004
0.999038, -0.0351888, 0.0216308, 0.0147487, -0.24087, 0.0423761, 0.0395115
0.999096, -0.0361712, 0.0137219, 0.0176175, -0.245553, 0.0423975, 0.0286956
0.999116, -0.0359049, 0.0131576, 0.0174554, -0.249417, 0.041443, 0.0192981
0.999185, -0.0357723, 0.0114371, 0.0147624, -0.25251, 0.0409909, 0.0112125
0.999246, -0.0362168, 0.00795372, 0.0115005, -0.255159, 0.0402721, 0.00439436
0.999275, -0.0368576, 0.00201206, 0.00929024, -0.257323, 0.0400415, -0.000952508
0.999278, -0.0371062, -0.00124281, 0.00806787, -0.259352, 0.0392931, -0.00429726
0.999282, -0.036819, -0.00383918, 0.00804741, -0.260925, 0.0397245, -0.00609191
0.999315, -0.0357797, -0.00320874, 0.00886212, -0.262874, 0.0379704, -0.00445134
0.999349, -0.0343375, -0.00376776, 0.0103826, -0.26417, 0.0380141, -0.000646767
0.99935, -0.0332334, -0.00708042, 0.0120712, -0.26566, 0.037077, 0.0073934
0.999361, -0.0321699, -0.00788598, 0.0134431, -0.266658, 0.037152, 0.0183836
0.999354, -0.0318799, -0.00932592, 0.0137328, -0.267226, 0.0378468, 0.032684
0.999375, -0.0317319, -0.0072543, 0.0137951, -0.26707, 0.0382913, 0.0499042
0.999324, -0.0324063, -0.0100569, 0.0141287, -0.26634, 0.0392717, 0.0682422
0.999294, -0.0328608, -0.0118115, 0.0138973, -0.265005, 0.0392984, 0.0878329
0.999146, -0.0338979, -0.0181857, 0.0150791, -0.262828, 0.0391898, 0.108303
0.999112, -0.0354462, -0.0171512, 0.0149989, -0.259542, 0.0387442, 0.129448
0.999089, -0.037483, -0.0144726, 0.014349, -0.255058, 0.0376516, 0.151965
0.99899, -0.0411919, -0.0123591, 0.0130379, -0.249484, 0.0379053, 0.175768
0.998929, -0.0450026, -0.00337486, 0.0102526, -0.242532, 0.0380387, 0.200586
0.998826, -0.0480583, 0.00205471, 0.0056688, -0.235196, 0.037656, 0.227015
0.998697, -0.0503113, 0.00840908, 0.00153324, -0.227749, 0.0378342, 0.253781
0.998536, -0.0525474, 0.0127996, -0.0013108, -0.220443, 0.0396393, 0.282147
0.998454, -0.0532065, 0.0158238, -0.00286709, -0.21362, 0.039007, 0.310632
0.998345, -0.052374, 0.0236106, -0.00272688, -0.207642, 0.0392113, 0.338464
0.998386, -0.0490646, 0.0284623, -0.00287663, -0.202182, 0.0401077, 0.367009
0.998339, -0.0466229, 0.0336486, -0.00354164, -0.19746, 0.0411972, 0.394113
0.99818, -0.0446429, 0.0401645, -0.00556783, -0.193558, 0.0430156, 0.419061
0.997831, -0.0434881, 0.0485014, -0.00947057, -0.190121, 0.0471669, 0.444719
0.997192, -0.0442457, 0.0587877, -0.0139794, -0.186802, 0.0491151, 0.469687
0.996349, -0.044764, 0.0705371, -0.0175703, -0.184377, 0.0509592, 0.493277
0.995545, -0.044412, 0.0806643, -0.0202806, -0.18222, 0.0545095, 0.515493
0.995033, -0.0439485, 0.0868068, -0.0210366, -0.179866, 0.0566213, 0.536978
0.994643, -0.0437564, 0.0914687, -0.0201169, -0.177734, 0.057293, 0.556668
0.99432, -0.0428174, 0.0957641, -0.0180159, -0.176129, 0.057234, 0.573606
0.993837, -0.0414456, 0.101475, -0.0164966, -0.175744, 0.0578878, 0.585744
0.993362, -0.0401239, 0.106661, -0.0156405, -0.175363, 0.059677, 0.595311
0.993101, -0.0394531, 0.109396, -0.0150425, -0.175408, 0.061476, 0.599932
0.99298, -0.0392401, 0.11044, -0.0159649, -0.174878, 0.0628529, 0.601596
0.992988, -0.0389683, 0.110246, -0.0173881, -0.174063, 0.0648683, 0.599457
0.993193, -0.0385243, 0.108176, -0.019514, -0.173337, 0.0681484, 0.592897
0.993573, -0.0377527, 0.104443, -0.0218986, -0.172136, 0.0698894, 0.584384
0.993822, -0.0369334, 0.101661, -0.0248815, -0.170536, 0.0728443, 0.57542
0.994094, -0.0363333, 0.098413, -0.0277825, -0.168862, 0.0733434, 0.564419
0.994583, -0.0362721, 0.0928185, -0.0295437, -0.167406, 0.0728405, 0.552156
0.994907, -0.0371867, 0.0886932, -0.0301726, -0.16662, 0.0744475, 0.539135
0.995025, -0.0379399, 0.0875662, -0.0286066, -0.166042, 0.07477, 0.525709
0.995467, -0.0394255, 0.0828087, -0.0251786, -0.166167, 0.074546, 0.511657
0.99561, -0.0411093, 0.0815995, -0.0202982, -0.167129, 0.0749342, 0.496786
0.995679, -0.0433519, 0.0806054, -0.0157253, -0.168165, 0.0764329, 0.48199
0.995789, -0.0431173, 0.0800433, -0.0117981, -0.170431, 0.0760571, 0.464414
0.99591, -0.042575, 0.0790752, -0.00984482, -0.172865, 0.0755442, 0.446857
0.996049, -0.0410516, 0.0781182, -0.00997181, -0.17643, 0.0758765, 0.428356
0.995773, -0.0385617, 0.0825827, -0.0113824, -0.180314, 0.0760634, 0.409237
0.995716, -0.0346381, 0.084688, -0.0133647, -0.18543, 0.0769104, 0.387805
0.995925, -0.0307505, 0.0838636, -0.0124488, -0.19081, 0.0774554, 0.365344
0.996581, -0.0269835, 0.0776097, -0.00861973, -0.196024, 0.0790667, 0.341544
0.997158, -0.0237549, 0.0713398, -0.00471817, -0.201426, 0.0799324, 0.318137
0.997669, -0.0221147, 0.0645183, -0.00211689, -0.206231, 0.0791261, 0.294456
0.997987, -0.0213099, 0.0597203, -0.00135264, -0.210068, 0.0773467, 0.2706
0.998299, -0.0203024, 0.0546455, -0.000819045, -0.213731, 0.0746171, 0.248592
0.998715, -0.0192575, 0.0468615, 0.000765281, -0.216943, 0.0731312, 0.22764
0.999028, -0.0185487, 0.0399148, 0.00257354, -0.220259, 0.0710399, 0.207639
0.999265, -0.0175994, 0.0337654, 0.00453499, -0.2233, 0.069613, 0.1887
0.999344, -0.0178085, 0.0307864, 0.00687788, -0.225843, 0.0684398, 0.170441
0.99937, -0.0184086, 0.0288795, 0.00930939, -0.22856, 0.0669032, 0.153942
0.999293, -0.0197153, 0.0293376, 0.0127763, -0.231073, 0.0669025, 0.138716
0.999221, -0.0208262, 0.0300159, 0.0149515, -0.234101, 0.0657266, 0.125227
0.999127, -0.0206947, 0.0331138, 0.0148686, -0.236992, 0.0651803, 0.11282
0.999034, -0.0204232, 0.036698, 0.0129511, -0.239308, 0.0644828, 0.0994304
0.998993, -0.0211506, 0.0380672, 0.0107564, -0.241813, 0.0639209, 0.0865448
0.998995, -0.0228104, 0.0371515, 0.0103683, -0.244554, 0.0631372, 0.0740434
0.998978, -0.0244473, 0.0362792, 0.0113684, -0.247239, 0.0624806, 0.0620781
0.998887, -0.0244701, 0.0382655, 0.0126975, -0.249372, 0.0627677, 0.0500727
0.998931, -0.0245405, 0.0364596, 0.0143394, -0.251179, 0.0629297, 0.0387504
0.998912, -0.0233593, 0.0375176, 0.0148759, -0.25257, 0.0628433, 0.0275152
0.99916, -0.0226765, 0.0313431, 0.0135448, -0.254121, 0.062716, 0.0170504
0.999332, -0.0223328, 0.0267511, 0.0110436, -0.255639, 0.0614783, 0.00761621
0.999507, -0.0224278, 0.0202954, 0.008359, -0.257095, 0.061052, -0.000984473
0.999613, -0.0224734, 0.0152501, 0.00606248, -0.258007, 0.0616921, -0.0086629
0.999685, -0.0223364, 0.0103494, 0.00491231, -0.259372, 0.0621962, -0.0124498
0.999723, -0.0216355, 0.00772625, 0.00511121, -0.260552, 0.0626024, -0.0137466
0.999753, -0.0205701, 0.00608046, 0.00588854, -0.261676, 0.0628024, -0.0113668
0.999777, -0.0191775, 0.00634911, 0.00619824, -0.262681, 0.0627864, -0.00447236
0.999802, -0.0180659, 0.00644646, 0.00522286, -0.263542, 0.062969, 0.00605912
0.999814, -0.0180865, 0.00612221, 0.00262507, -0.264201, 0.0631942, 0.0213214
0.999795, -0.0182073, 0.00888043, -0.000550354, -0.264385, 0.0642977, 0.0403617
0.999792, -0.0197972, 0.0041686, -0.00241196, -0.264163, 0.0669185, 0.061606
0.99976, -0.0214219, 0.00370211, -0.00271014, -0.263412, 0.0681409, 0.0851193
0.999649, -0.0253213, -0.00773734, 0.000602458, -0.261935, 0.0692028, 0.109644
0.999482, -0.0288685, -0.0140434, 0.00241308, -0.25906, 0.0709422, 0.137083
0.999436, -0.0323198, -0.00894422, 0.00164886, -0.25506, 0.0703509, 0.166766
0.999353, -0.0354538, -0.00582044, -0.00151243, -0.250606, 0.0718459, 0.198808
0.999225, -0.0386761, 0.00430704, -0.00594187, -0.246207, 0.0708138, 0.232894
0.998981, -0.0423335, 0.0122845, -0.00967329, -0.241569, 0.0711011, 0.268394
0.998689, -0.0460318, 0.0186076, -0.0124336, -0.236637, 0.0706616, 0.304973
0.998318, -0.0472083, 0.0302227, -0.0147703, -0.231432, 0.0699863, 0.340654
0.998158, -0.044059, 0.0370284, -0.0192027, -0.226621, 0.0715578, 0.376001
0.997981, -0.0385148, 0.0440544, -0.0247081, -0.221304, 0.0710916, 0.409582
0.997628, -0.0348845, 0.0514366, -0.0296089, -0.21496, 0.0699604, 0.440369
0.997143, -0.0331708, 0.0589357, -0.0336535, -0.208714, 0.0725503, 0.470592
0.996484, -0.0346682, 0.0674011, -0.0357183, -0.203033, 0.074577, 0.497376
0.99574, -0.0357831, 0.0779441, -0.0338478, -0.197889, 0.0773232, 0.522322
0.995241, -0.0371404, 0.0847536, -0.0305417, -0.194805, 0.0802618, 0.542374
0.994437, -0.0367347, 0.0947223, -0.0278176, -0.19338, 0.0805128, 0.559067
0.993843, -0.0362646, 0.101368, -0.026187, -0.193604, 0.0815581, 0.569062
0.993346, -0.0355016, 0.10696, -0.0237193, -0.193734, 0.0823395, 0.575755
0.993559, -0.0363177, 0.105282, -0.0209079, -0.195218, 0.0826454, 0.573684
0.993536, -0.0376982, 0.105412, -0.0187785, -0.197024, 0.0822698, 0.566791
0.993747, -0.0391906, 0.103234, -0.0165497, -0.19775, 0.0839738, 0.556637
0.994137, -0.0412757, 0.0987835, -0.0151856, -0.19762, 0.0863762, 0.54251
0.994591, -0.0428649, 0.093428, -0.0149392, -0.196792, 0.0869799, 0.526879
0.994986, -0.0440869, 0.0884721, -0.0152367, -0.196046, 0.0881375, 0.509418
0.995328, -0.0442869, 0.0842451, -0.0162259, -0.19556, 0.0892628, 0.490784
0.995823, -0.044771, 0.077809, -0.0166763, -0.19515, 0.0897616, 0.470179
0.996384, -0.0452003, 0.0703033, -0.0152423, -0.19537, 0.0895732, 0.451013
0.996459, -0.045532, 0.0696195, -0.0122233, -0.195852, 0.0888854, 0.433541
0.996489, -0.0456608, 0.0695639, -0.00922748, -0.197243, 0.088889, 0.415577
0.996692, -0.0441442, 0.0677825, -0.0079031, -0.198839, 0.088618, 0.39808
0.99677, -0.042659, 0.0675157, -0.00840828, -0.200468, 0.0860408, 0.381604
0.996919, -0.041135, 0.0659829, -0.0103009, -0.202293, 0.0841201, 0.363336
0.997102, -0.0402302, 0.0632383, -0.01302, -0.204222, 0.0851008, 0.346248
0.997316, -0.0394419, 0.0598896, -0.0148085, -0.206563, 0.0836957, 0.328143
0.997566, -0.0401095, 0.0551825, -0.0144412, -0.2087, 0.0835138, 0.308168
0.997923, -0.0416779, 0.0476184, -0.0120063, -0.210277, 0.0807208, 0.28777
0.998107, -0.043196, 0.0425692, -0.0102329, -0.210774, 0.0797984, 0.267573
0.998447, -0.0438562, 0.0333683, -0.00822826, -0.209616, 0.0774641, 0.247422
0.998712, -0.0433093, 0.0253862, -0.00739367, -0.207345, 0.0741352, 0.228979
0.998942, -0.0425617, 0.0162053, -0.00645364, -0.203845, 0.0698113, 0.210919
0.999045, -0.0428846, 0.00711331, -0.00440996, -0.198861, 0.067241, 0.194307
0.99899, -0.0448141, 0.00306558, -0.00103998, -0.19204, 0.0632154, 0.180036
0.998819, -0.0483895, 0.00342596, 0.00272854, -0.183813, 0.0590103, 0.169799
0.998578, -0.0527653, 0.00471206, 0.00601365, -0.175026, 0.0541189, 0.161716
0.998336, -0.0564172, 0.0071252, 0.00961435, -0.166066, 0.0496234, 0.15583
0.998189, -0.0577411, 0.00893051, 0.0142845, -0.156541, 0.0445516, 0.15205
0.998048, -0.0583506, 0.0106113, 0.0195436, -0.145189, 0.039902, 0.148267
0.997867, -0.0586742, 0.0142983, 0.024775, -0.13241, 0.0345909, 0.145169
0.997767, -0.0578183, 0.0179945, 0.028173, -0.119442, 0.0302169, 0.141261
0.997707, -0.0570707, 0.0208617, 0.0298079, -0.106575, 0.0253228, 0.136541
0.997763, -0.0555946, 0.0227243, 0.0293622, -0.0946478, 0.0216504, 0.132161
0.997872, -0.0537407, 0.0247787, 0.0273625, -0.082931, 0.0178593, 0.127118
0.998077, -0.0509591, 0.0254909, 0.0244074, -0.0714095, 0.0137959, 0.121383
0.998311, -0.0480665, 0.0253423, 0.0205355, -0.0600911, 0.010241, 0.114647
0.998497, -0.0453044, 0.0248905, 0.0181957, -0.0491455, 0.0070829, 0.105573
0.99869, -0.042313, 0.0221365, 0.0184075, -0.0396408, 0.00453214, 0.0968741
0.998828, -0.0398007, 0.0173709, 0.0213935, -0.031525, 0.00382938, 0.0875079
0.998829, -0.0384855, 0.015562, 0.0248362, -0.0246149, 0.00240331, 0.0778296
0.998808, -0.0369822, 0.0159231, 0.0275884, -0.0186841, 0.000465861, 0.0694066
0.998878, -0.0352886, 0.0147398, 0.0279369, -0.0134508, -0.000197144, 0.0619366
0.99899, -0.0337439, 0.0123577, 0.0269903, -0.00903119, -0.000919671, 0.0556035
0.9991, -0.0320988, 0.0124209, 0.0247864, -0.00510215, -0.00102667, 0.0496315
0.999213, -0.0305931, 0.0125931, 0.0219055, -0.00141608, -0.00158315, 0.0440093
0.999313, -0.0289793, 0.0123836, 0.0194955, 0.00155885, -0.00133441, 0.0389363
0.99939, -0.0269536, 0.0129066, 0.0180927, 0.00366735, -0.000511443, 0.0347458
0.999487, -0.0246675, 0.0109519, 0.017268, 0.00554213, 0.00033995, 0.0301766
0.999565, -0.0223912, 0.00968999, 0.016557, 0.0063489, 0.000351651, 0.0266441
0.999639, -0.0204985, 0.00829464, 0.0152929, 0.00639204, 0.000788921, 0.0231013
0.999691, -0.0195235, 0.00676936, 0.0138365, 0.0062189, 0.000693251, 0.0201074
0.999722, -0.0190006, 0.0062002, 0.0125166, 0.00627256, 0.0013118, 0.0165931
0.99973, -0.0186933, 0.00774406, 0.0113946, 0.00592805, 0.00138077, 0.0138431
0.999752, -0.0180187, 0.00830796, 0.0101464, 0.00494692, 0.0016961, 0.0113242
0.99982, -0.0176484, 0.00481812, 0.00511093, 0.00368029, 0.00209702, 0.00817388
0.999827, -0.0176508, 0.0049202, -0.0031166, 0.00222579, 0.00276375, 0.00568092
0.999779, -0.0180578, -0.00869289, -0.00634828, 0.00105506, 0.00308296, 0.00396969
0.999806, -0.0178487, -0.00649262, -0.00518148, 0.00108732, 0.00361774, 0.00378277
0.999769, -0.0172615, -0.0110568, -0.00646116, 0.001125, 0.00350094, 0.00310432
0.999767, -0.0172347, -0.0111709, -0.00667663, 0.00113791, 0.00289209, 0.00256514
0.999749, -0.0178134, -0.0118117, -0.00678207, 0.00117558, 0.0035487, 0.00186992
0.999752, -0.0177854, -0.0114999, -0.00688653, 0.000985484, 0.00377559, 0.00126616
0.999754, -0.017777, -0.0113862, -0.00673255, 0.001049, 0.00382147, 0.000618946
0.999755, -0.0178122, -0.0111958, -0.0068782, 0.000912066, 0.00419428, 0.000368413
0.999753, -0.0178959, -0.0112805, -0.00679676, 0.000929149, 0.00425872, -8.1831e-05
0.999756, -0.0174529, -0.0116803, -0.00679796, 0.00109462, 0.00474524, 9.65451e-05
0.999748, -0.0179131, -0.0116385, -0.00696142, 0.000904082, 0.00481074, 0.000114224
0.999753, -0.0179178, -0.0113247, -0.00675101, 0.00084757, 0.00464682, -0.00052494
0.999758, -0.0175747, -0.0113594, -0.00683762, 0.000896197, 0.00414257, -0.000815424
0.999747, -0.0180182, -0.0116085, -0.00686045, 0.00108941, 0.00417642, -0.00113385
0.999751, -0.0178424, -0.0115023, -0.00690596, 0.00115438, 0.00420577, -0.00184294
0.999754, -0.0178364, -0.0113103, -0.00674205, 0.00107394, 0.00419349, -0.00232252
0.999752, -0.0178446, -0.0113927, -0.00687435, 0.00129595, 0.0042747, -0.00298235
0.999747, -0.0180259, -0.0115964, -0.00685353, 0.00150578, 0.00491864, -0.00333594
0.999752, -0.0178566, -0.0114272, -0.00682828, 0.00144894, 0.00468024, -0.00378647
0.999752, -0.0179481, -0.0112581, -0.00680081, 0.00143133, 0.00457318, -0.00439465
0.99975, -0.0179509, -0.0114764, -0.00684009, 0.00177067, 0.00501565, -0.005093
0.999747, -0.0180323, -0.011548, -0.00687007, 0.00197673, 0.00533639, -0.00583073
0.99975, -0.018033, -0.0113329, -0.00679941, 0.00178511, 0.00568445, -0.00612411
0.999752, -0.0179532, -0.0113118, -0.00678074, 0.00182784, 0.00571571, -0.00646242
0.999746, -0.0181052, -0.0115157, -0.00684022, 0.00212481, 0.00608065, -0.00704612
0.999747, -0.0181, -0.0114897, -0.00684053, 0.00223352, 0.00621129, -0.00769168
0.999751, -0.0180366, -0.0112861, -0.00673007, 0.00204229, 0.00629583, -0.0078103
0.999749, -0.0180715, -0.0113571, -0.00679345, 0.00214662, 0.00615746, -0.00827759
0.999745, -0.0181661, -0.011536, -0.00680953, 0.00238266, 0.00648794, -0.0087517
0.999748, -0.0180788, -0.0114225, -0.00678709, 0.0022859, 0.00641156, -0.0090961
0.99975, -0.018118, -0.0112767, -0.00674242, 0.00214369, 0.00628262, -0.00933451
0.999748, -0.0180835, -0.0114385, -0.00678919, 0.00239562, 0.00627264, -0.00978821
0.999744, -0.0182038, -0.0115564, -0.00681137, 0.00258218, 0.00654592, -0.0102078
0.999748, -0.0181234, -0.0113646, -0.00678568, 0.00249649, 0.00631301, -0.0104688
0.999749, -0.0181201, -0.0113214, -0.00673491, 0.00250385, 0.00625082, -0.0108024
0.999745, -0.0181959, -0.0115092, -0.00681963, 0.002736, 0.00648776, -0.011244
0.999744, -0.01825, -0.0115084, -0.00679755, 0.00280672, 0.0067334, -0.0117196
0.999748, -0.0181701, -0.0113257, -0.00674115, 0.00260667, 0.00669577, -0.0118541
0.999747, -0.0182132, -0.0113654, -0.00675869, 0.00265093, 0.00646845, -0.0122148
0.999744, -0.0182515, -0.0115496, -0.00679601, 0.00282112, 0.00685632, -0.0124831
0.999745, -0.0182556, -0.0114619, -0.00677188, 0.00274117, 0.00672126, -0.0128851
0.999747, -0.0182143, -0.0113149, -0.00674205, 0.0025609, 0.00654564, -0.0129775
0.999745, -0.0182513, -0.0114504, -0.00676315, 0.00272236, 0.00662544, -0.0132713
0.999743, -0.0183072, -0.0115537, -0.00679957, 0.00281505, 0.00678907, -0.0135832
0.999745, -0.0182689, -0.0113947, -0.0067447, 0.00264579, 0.00658497, -0.0137895
0.999746, -0.0182982, -0.0113173, -0.00671618, 0.00250291, 0.00735041, -0.0134042
0.999742, -0.0183827, -0.0114916, -0.00677581, 0.00267822, 0.00747096, -0.0136546
0.999742, -0.0183903, -0.0115163, -0.00676792, 0.00278277, 0.00755128, -0.0139467
0.999745, -0.0183497, -0.0113361, -0.00671944, 0.00270192, 0.0073329, -0.0141456
0.999744, -0.0183638, -0.0113563, -0.00672103, 0.00272365, 0.00733543, -0.0142939
0.999741, -0.018409, -0.0115242, -0.0067558, 0.00292277, 0.00749347, -0.0144848
0.999742, -0.018414, -0.0114528, -0.00674247, 0.00289825, 0.00741807, -0.014665
0.999745, -0.0183643, -0.0113096, -0.0067054, 0.00274082, 0.00722794, -0.0146267
0.999743, -0.0183987, -0.0114172, -0.00672709, 0.00283814, 0.00730707, -0.0146701
0.99974, -0.0184611, -0.0115386, -0.00676037, 0.00301462, 0.00758414, -0.0148081
0.999743, -0.0184284, -0.0114081, -0.00671754, 0.00294603, 0.00745796, -0.0148417
0.999744, -0.0183847, -0.0113238, -0.00669181, 0.00286862, 0.0072116, -0.0147679
0.999741, -0.0184702, -0.0114642, -0.00673102, 0.00304067, 0.00753508, -0.0148683
0.99974, -0.0184991, -0.0115101, -0.00672999, 0.00313185, 0.0078697, -0.0149069
0.999743, -0.0184597, -0.0113404, -0.00667595, 0.00294073, 0.00769983, -0.0148055
0.999743, -0.0184556, -0.0113495, -0.00667343, 0.00289541, 0.00752717, -0.0147391
0.99974, -0.0185178, -0.0115058, -0.0066954, 0.00302263, 0.00771288, -0.0147037
0.999741, -0.0185018, -0.0114468, -0.00668457, 0.00297078, 0.00760867, -0.0147567
0.999743, -0.018477, -0.0113086, -0.00662937, 0.00282833, 0.00759736, -0.0147395
0.999742, -0.0184997, -0.011407, -0.00665822, 0.00293425, 0.00768858, -0.0147887
0.999739, -0.0185819, -0.011523, -0.00667901, 0.00310172, 0.00806588, -0.0149572
0.999741, -0.0185274, -0.0114113, -0.00664225, 0.0030617, 0.00781778, -0.0150061
0.999743, -0.0185099, -0.0113267, -0.00661936, 0.00293688, 0.00767536, -0.0148296
0.99974, -0.0185602, -0.0114655, -0.00666011, 0.0031042, 0.00775562, -0.0148949
0.999739, -0.0185839, -0.0115041, -0.00665882, 0.00315207, 0.0078407, -0.0148961
0.999742, -0.0185346, -0.0113532, -0.00662155, 0.00297389, 0.00759042, -0.0147483
0.999742, -0.018523, -0.0113449, -0.00661646, 0.00305389, 0.00747084, -0.0148232
0.999739, -0.0185743, -0.0114982, -0.00665748, 0.00324925, 0.00767245, -0.0148505
0.99974, -0.0185783, -0.0114607, -0.00663627, 0.00325692, 0.00770616, -0.0148043
0.999742, -0.0185266, -0.0113269, -0.00659509, 0.00316894, 0.00752265, -0.0147404
0.999741, -0.0185505, -0.0113998, -0.00661693, 0.00321807, 0.00756304, -0.0145691
0.999739, -0.0185775, -0.0115088, -0.00664139, 0.00336676, 0.00767977, -0.0146044
0.999741, -0.0185505, -0.0114086, -0.00660796, 0.00327767, 0.00757118, -0.0144455
0.999742, -0.018531, -0.0113295, -0.00659087, 0.00323124, 0.00754919, -0.0143806
0.99974, -0.0185694, -0.0114532, -0.00661948, 0.00340588, 0.00770994, -0.0143662
0.999739, -0.0185941, -0.0115032, -0.00662312, 0.00350183, 0.00785616, -0.0143519
